no_tests;duration;unit;convert;duration_conv;unit_conv
58706;96;h;no;96;h
56118;24;h;no;24;h
43860;48;h;no;48;h
14947;NR;d;no;NR;d
12643;72;h;no;72;h
12421;7;d;no;7;d
9403;NR;h;no;NR;h
7824;21;d;no;21;d
7666;14;d;no;14;d
6004;10;d;no;10;d
4945;28;d;no;28;d
4914;4;d;yes;96;h
4340;30;d;no;30;d
4333;5;d;yes;120;h
3901;6;h;no;6;h
3561;3;h;yes;180;mi
3537;3;d;yes;72;h
3529;1;h;yes;60;mi
2987;8;d;no;8;d
2728;NR;NR;no;NR;remove
2679;6;d;no;6;d
2510;12;h;no;12;h
2476;15;d;no;15;d
2340;2;d;yes;48;h
2052;2;h;yes;120;mi
2004;3;wk;yes;21;d
1964;NR;wk;yes;NR;d
1953;4;h;yes;240;mi
1912;1;d;yes;24;h
1902;12;d;no;12;d
1800;120;h;no;120;h
1800;20;d;no;20;d
1627;9;d;no;9;d
1608;2;wk;yes;14;d
1580;NR;mi;no;NR;mi
1568;4;wk;yes;28;d
1387;60;d;no;60;d
1265;16;d;no;16;d
1258;1;wk;yes;7;d
1103;32;d;no;32;d
950;35;d;no;35;d
928;90;d;no;90;d
862;8;h;no;8;h
854;8;wk;yes;56;d
845;168;h;yes;7;d
840;42;d;no;42;d
828;40;d;no;40;d
800;6;wk;yes;42;d
772;30;mi;no;30;mi
768;13;d;no;13;d
764;0.5;h;yes;30;mi
745;36;h;no;36;h
737;NR;mo;no;NR;remove
729;11;d;no;11;d
716;5;h;yes;300;mi
648;60;mi;no;60;mi
635;144;h;yes;6;d
626;20;h;no;20;h
620;NR;ht;no;NR;remove
607;45;d;no;45;d
595;25;d;no;25;d
569;33;d;no;33;d
564;24;d;no;24;d
535;18;d;no;18;d
517;15;mi;no;15;mi
487;18;h;no;18;h
481;12;wk;yes;84;d
475;3;mo;yes;90;d
463;5;wk;yes;35;d
434;20;mi;no;20;mi
427;1;mo;yes;30;d
424;9;h;no;9;h
418;56;d;no;56;d
412;10;wk;yes;70;d
408;2;mo;yes;60;d
407;17;d;no;17;d
404;1;yr;no;1;yr
402;19;d;no;19;d
391;120;d;no;120;d
364;70;d;no;70;d
362;23;d;no;23;d
358;NR;hv;no;NR;remove
356;10;h;no;10;h
354;100;d;no;100;d
354;1.5;h;yes;90;mi
350;27;d;no;27;d
344;60;h;no;60;h
335;16;h;no;16;h
330;50;d;no;50;d
324;192;h;yes;8;d
322;NR;em;no;NR;remove
316;4;mo;yes;120;d
310;22;d;no;22;d
295;21;h;no;21;h
281;0.17;h;yes;10.2;mi
280;120;mi;no;120;mi
279;6;mo;yes;180;d
272;10;mi;no;10;mi
271;29;d;no;29;d
270;90;mi;no;90;mi
257;5;mi;no;5;mi
249;7;wk;yes;49;d
247;2;yr;no;2;yr
234;26;d;no;26;d
233;46;h;no;46;h
230;30;h;no;30;h
229;16;wk;yes;112;d
225;31;d;no;31;d
216;0.25;h;yes;15;mi
213;49;d;no;49;d
210;34;d;no;34;d
208;14;h;no;14;h
207;36;d;no;36;d
206;28;h;no;28;h
197;65;d;no;65;d
192;NR;stg;no;NR;remove
190;63;d;no;63;d
189;26;h;no;26;h
187;11;wk;yes;77;d
185;40;h;no;40;h
183;30;dph;no;30;remove
182;41;d;no;41;d
180;5;mo;yes;150;d
173;75;d;no;75;d
172;18;mo;yes;540;d
172;96;d;no;96;d
168;58;d;no;58;d
167;9;mo;yes;270;d
166;13;h;no;13;h
158;NR;dph;no;NR;remove
151;25;h;no;25;h
146;80;mi;no;80;mi
144;43;d;no;43;d
141;50;h;no;50;h
134;62;d;no;62;d
134;85;d;no;85;d
133;3;brd;no;3;remove
133;48;d;no;48;d
133;7;h;no;7;h
131;22;h;no;22;h
131;4;dph;no;4;remove
131;84;d;no;84;d
130;94;d;no;94;d
126;13;wk;yes;91;d
126;64;d;no;64;d
125;32;h;no;32;h
125;37;d;no;37;d
123;84;h;no;84;h
123;9;wk;yes;63;d
122;100;h;no;100;h
121;80;d;no;80;d
119;3;yr;no;3;yr
116;240;h;yes;10;d
115;150;d;no;150;d
115;39;d;no;39;d
113;10;s;no;10;s
113;44;h;no;44;h
112;8;mo;yes;240;d
111;45;mi;no;45;mi
111;47;d;no;47;d
110;0.5;d;yes;12;h
110;200;h;yes;8.3333333333;d
108;69;d;no;69;d
107;NR;yr;no;NR;yr
106;28;dph;no;28;remove
103;0.033;h;yes;1.98;mi
103;124;d;no;124;d
103;38;d;no;38;d
101;14;wk;yes;98;d
99;40;mi;no;40;mi
98;42;h;no;42;h
98;;ht;no;0;remove
93;1.33;h;yes;79.8;mi
93;19;wk;yes;133;d
93;43;h;no;43;h
93;78;d;no;78;d
90;60;dph;no;60;remove
89;15;h;no;15;h
87;1;mi;no;1;mi
87;180;d;no;180;d
87;24;wk;yes;168;d
86;105;d;no;105;d
86;96;hpf;no;96;remove
85;0.08;h;yes;4.8;mi
85;2.5;h;yes;150;mi
85;27;h;no;27;h
84;20;mo;yes;600;d
84;83;d;no;83;d
83;46;d;no;46;d
83;55;d;no;55;d
83;72;d;no;72;d
82;44;d;no;44;d
81;12;mo;yes;360;d
79;26;wk;yes;182;d
78;20;wk;yes;140;d
76;140;d;no;140;d
75;57;d;no;57;d
75;7;mo;yes;210;d
75;75;mi;no;75;mi
75;NR;ge;no;NR;remove
74;185;d;no;185;d
74;70;h;no;70;h
73;NR;hpf;no;NR;remove
72;200;d;no;200;d
72;240;mi;no;240;mi
72;91;d;no;91;d
71;180;mi;no;180;mi
71;3;dph;no;3;remove
69;120;hpf;no;120;remove
69;77;d;no;77;d
69;90;h;no;90;h
69;NR;ma;no;NR;remove
68;29;h;no;29;h
68;42;go;no;42;remove
68;80;h;no;80;h
67;18;wk;yes;126;d
67;68;d;no;68;d
65;4.5;h;yes;270;mi
64;0.33;h;yes;19.8;mi
64;15;mo;yes;450;d
64;216;h;yes;9;d
64;322;d;no;322;d
63;11;mo;yes;330;d
63;2;mi;no;2;mi
63;46;nf;no;46;remove
62;24.5;h;no;24.5;h
62;54;d;no;54;d
61;64;h;no;64;h
60;52;d;no;52;d
59;NR;s;no;NR;s
58;1;ge;no;1;remove
58;110;d;no;110;d
58;15;wk;yes;105;d
58;98;d;no;98;d
57;107;dph;no;107;remove
56;0.33;d;yes;7.92;h
56;153;d;no;153;d
56;38;h;no;38;h
56;NR;lvp;no;NR;remove
55;336;h;yes;14;d
55;71;d;no;71;d
54;66;nf;no;66;remove
53;88;d;no;88;d
52;51;d;no;51;d
52;61;d;no;61;d
52;66;d;no;66;d
51;11;h;no;11;h
51;95;d;no;95;d
50;1.2;h;yes;72;mi
50;99;d;no;99;d
49;125;d;no;125;d
49;4.2;d;yes;100.8;h
49;46;go;no;46;remove
49;66;h;no;66;h
49;7.5;d;no;7.5;d
48;140;h;yes;5.8333333333;d
48;302;d;no;302;d
48;5.5;h;no;5.5;h
48;67;d;no;67;d
48;82;d;no;82;d
47;101;d;no;101;d
47;1.5;d;yes;36;h
47;30;dpu;no;30;remove
47;68;h;no;68;h
46;102;h;no;102;h
46;3.5;h;yes;210;mi
45;10;mo;yes;300;d
45;17;h;no;17;h
45;3;mi;no;3;mi
45;45;h;no;45;h
45;73;d;no;73;d
44;0;h;no;0;remove
44;1;dph;no;1;remove
44;13;mo;yes;390;d
44;NR;pan;no;NR;remove
43;100;mi;no;100;mi
43;27;wk;yes;189;d
43;52;wk;yes;364;d
42;23;h;no;23;h
42;28;wk;yes;196;d
42;39;wk;yes;273;d
42;54;h;no;54;h
41;146;d;no;146;d
41;19;h;no;19;h
41;74;d;no;74;d
41;NR;gts;no;NR;remove
41;;em;no;0;remove
40;1.3;h;yes;78;mi
40;133;d;no;133;d
40;264;h;yes;11;d
40;31;h;no;31;h
40;4.5;d;yes;108;h
40;53;d;no;53;d
40;97;d;no;97;d
40;NR;dpf;no;NR;remove
39;0.67;h;yes;40.2;mi
39;16;mo;yes;480;d
39;72;hpf;no;72;remove
38;0.017;h;yes;1.02;mi
38;104;d;no;104;d
38;30;wk;yes;210;d
38;47;h;no;47;h
38;6;dpf;no;6;remove
38;7;mi;no;7;mi
37;112;d;no;112;d
37;115;d;no;115;d
37;33;h;no;33;h
37;73;h;no;73;h
37;93;d;no;93;d
37;95;h;no;95;h
36;130;mi;no;130;mi
36;6.5;d;no;6.5;d
35;119;d;no;119;d
35;160;mi;no;160;mi
35;25;mi;no;25;mi
35;350;d;no;350;d
35;5;dpf;no;5;remove
35;52;h;no;52;h
35;62;nf;no;62;remove
35;;lva;no;0;remove
34;37;h;no;37;h
34;43;dpf;no;43;remove
34;59;d;no;59;d
34;;ea;no;0;remove
33;114;dph;no;114;remove
33;22;wk;yes;154;d
33;2.5;mo;yes;75;d
33;48;hpf;no;48;remove
33;53;h;no;53;h
33;63;dph;no;63;remove
33;88;h;no;88;h
32;1;gs;no;1;remove
32;130;d;no;130;d
32;35;mi;no;35;mi
32;384;h;yes;16;d
31;0;mi;no;0;remove
31;45;dpu;no;45;remove
31;504;h;yes;21;d
31;56;h;no;56;h
30;1;crs;no;1;remove
30;102;d;no;102;d
30;108;d;no;108;d
30;138;d;no;138;d
30;150;mi;no;150;mi
30;251;d;no;251;d
30;300;dd;no;300;remove
30;6.5;h;no;6.5;h
29;12.5;h;no;12.5;h
29;4;brd;no;4;remove
29;4;mi;no;4;mi
29;4;yr;no;4;yr
29;8.5;d;no;8.5;d
28;134;d;no;134;d
28;15;dpf;no;15;remove
28;150;h;yes;6.25;d
28;19;mo;yes;570;d
28;210;d;no;210;d
28;3.5;d;yes;84;h
28;40;dph;no;40;remove
28;49;h;no;49;h
28;506;d;no;506;d
28;67;h;no;67;h
28;71;h;no;71;h
28;8.5;mo;yes;255;d
28;93;h;no;93;h
28;NR;lva;no;NR;remove
27;91;h;no;91;h
26;0.03;h;yes;1.8;mi
26;0.1;wk;yes;16.8;h
26;105;mi;no;105;mi
26;108;h;no;108;h
26;112;h;no;112;h
26;127;d;no;127;d
26;1.67;h;yes;100.2;mi
26;2;ge;no;2;remove
26;210;mi;no;210;mi
26;36;wk;yes;252;d
26;55;h;no;55;h
26;92;d;no;92;d
25;0;d;no;0;remove
25;0.75;h;yes;45;mi
25;166;d;no;166;d
25;41;h;no;41;h
25;4.5;mo;yes;135;d
25;6;mi;no;6;mi
25;76;h;no;76;h
25;92;h;no;92;h
24;0.25;d;yes;6;h
24;106;d;no;106;d
24;144;hpf;no;144;remove
24;161;d;no;161;d
24;170;h;yes;7.0833333333;d
24;200;mi;no;200;mi
24;50;mi;no;50;mi
24;65;h;no;65;h
24;7;dph;no;7;remove
24;72.5;h;no;72.5;h
23;0.05;h;yes;3;mi
23;117;dpf;no;117;remove
23;118;d;no;118;d
23;1.5;mi;no;1.5;mi
23;224;d;no;224;d
23;28;dpf;no;28;remove
23;79;d;no;79;d
23;81;d;no;81;d
23;86;d;no;86;d
23;87;d;no;87;d
23;;hv;no;0;remove
22;0.083;h;yes;4.98;mi
22;164;d;no;164;d
22;20;dph;no;20;remove
22;20;stg;no;20;remove
22;23;mo;yes;690;d
22;240;d;no;240;d
22;2.5;d;yes;60;h
22;350;mi;no;350;mi
22;40;wk;yes;280;d
22;480;h;yes;20;d
22;51;h;no;51;h
22;69;h;no;69;h
22;72.25;h;no;72.25;h
22;72.75;h;no;72.75;h
22;74;h;no;74;h
22;85;h;no;85;h
22;NR;it;no;NR;remove
21;0.7;h;yes;42;mi
21;121;d;no;121;d
21;12.5;d;no;12.5;d
21;14;dph;no;14;remove
21;141;d;no;141;d
21;17;wk;yes;119;d
21;170;d;no;170;d
21;194;dph;no;194;remove
21;2.5;yr;no;2.5;yr
21;3;ge;no;3;remove
21;34;h;no;34;h
21;3.5;mo;yes;105;d
21;44;dpf;no;44;remove
21;NR;frt;no;NR;remove
21;NR;lf;no;NR;remove
20;0.4;h;yes;24;mi
20;136;d;no;136;d
20;18;stg;no;18;remove
20;2;brd;no;2;remove
20;20000;mi;yes;13.8888888889;d
20;29;mo;yes;870;d
20;300;d;no;300;d
20;407;d;no;407;d
20;65;mi;no;65;mi
20;700;dd;no;700;remove
20;NR;go;no;NR;remove
19;0.42;h;yes;25.2;mi
19;113;d;no;113;d
19;131;dpf;no;131;remove
19;186;h;yes;7.75;d
19;24;hpf;no;24;remove
19;35;h;no;35;h
19;36;dpf;no;36;remove
19;51;wk;yes;357;d
19;52;mi;no;52;mi
19;5.5;mo;yes;165;d
19;84;hpf;no;84;remove
19;94;h;no;94;h
19;NR;lgp;no;NR;remove
18;0.16;h;yes;9.6;mi
18;124;dpf;no;124;remove
18;126;d;no;126;d
18;140;mi;no;140;mi
18;160;d;no;160;d
18;23;wk;yes;161;d
18;24;mo;yes;720;d
18;260;d;no;260;d
18;301;d;no;301;d
18;4.6;d;yes;110.4;h
18;560;mi;yes;9.3333333333;h
18;80;dph;no;80;remove
18;9;dph;no;9;remove
18;NR;brd;no;NR;remove
17;0.83;h;yes;49.8;mi
17;1;brd;no;1;remove
17;114;h;no;114;h
17;122;d;no;122;d
17;132;h;yes;5.5;d
17;148;d;no;148;d
17;15;s;no;15;s
17;22;dpf;no;22;remove
17;230;d;no;230;d
17;29;dph;no;29;remove
17;300;h;yes;12.5;d
17;300;s;no;300;s
17;312;h;yes;13;d
17;4;ge;no;4;remove
17;70;mi;no;70;mi
17;720;h;yes;30;d
17;840;h;yes;35;d
17;97;h;no;97;h
16;1.25;h;yes;75;mi
16;1.5;mo;yes;45;d
16;1789;d;no;1789;d
16;19;dpf;no;19;remove
16;239;dph;no;239;remove
16;396;d;no;396;d
16;44;wk;yes;308;d
16;55;wk;yes;385;d
16;57;h;no;57;h
16;58;h;no;58;h
16;90;dph;no;90;remove
16;;alv;no;0;remove
15;168;d;no;168;d
15;1.75;h;yes;105;mi
15;270;d;no;270;d
15;3.5;wk;yes;24.5;d
15;36;stg;no;36;remove
15;41;wk;yes;287;d
15;42;dpf;no;42;remove
15;47;wk;yes;329;d
15;5;brd;no;5;remove
15;5.2;d;no;5.2;d
15;57;dpf;no;57;remove
15;64;dpf;no;64;remove
15;7;dpu;no;7;remove
15;NR;dd;no;NR;remove
15;;mmph;no;0;remove
14;0.2;h;yes;12;mi
14;0.3;h;yes;18;mi
14;0.6;h;yes;36;mi
14;101;hpf;no;101;remove
14;12;dph;no;12;remove
14;14;mo;yes;420;d
14;14.5;h;no;14.5;h
14;147;d;no;147;d
14;25;stg;no;25;remove
14;2.67;h;yes;160.2;mi
14;3;dpf;no;3;remove
14;365;d;no;365;d
14;42;wk;yes;294;d
14;45;stg;no;45;remove
14;62;h;no;62;h
14;66;stg;no;66;remove
14;75;h;no;75;h
14;7.6;d;no;7.6;d
14;77;h;no;77;h
14;86.4;d;no;86.4;d
14;91.5;d;no;91.5;d
14;NR;swm;no;NR;remove
13;0.72;h;yes;43.2;mi
13;0.8;h;yes;48;mi
13;115;h;no;115;h
13;156;d;no;156;d
13;2;wph;no;2;remove
13;273;d;no;273;d
13;288;h;yes;12;d
13;30;s;no;30;s
13;5.25;h;no;5.25;h
13;600;h;yes;25;d
13;76;d;no;76;d
13;82;h;no;82;h
13;95;dph;no;95;remove
13;98;h;no;98;h
13;;swm;no;0;remove
12;0.07;h;yes;4.2;mi
12;103;d;no;103;d
12;10.5;d;no;10.5;d
12;111;d;no;111;d
12;120;dph;no;120;remove
12;1200;s;no;1200;s
12;17;mo;yes;510;d
12;17;stg;no;17;remove
12;22;stg;no;22;remove
12;240;dph;no;240;remove
12;24.03;h;no;24.03;h
12;266;d;no;266;d
12;30;mo;yes;900;d
12;46;stg;no;46;remove
12;4.8;h;yes;288;mi
12;500;d;no;500;d
12;6.9;d;no;6.9;d
12;78;h;no;78;h
12;805;d;no;805;d
12;NR;ej;no;NR;remove
12;NR;ep;no;NR;remove
12;NR;zm;no;NR;remove
11;0.1;h;yes;6;mi
11;109;d;no;109;d
11;12;ge;no;12;remove
11;13.5;h;no;13.5;h
11;139;d;no;139;d
11;145;d;no;145;d
11;14.6;d;no;14.6;d
11;15.75;d;no;15.75;d
11;174;d;no;174;d
11;1.8;h;yes;108;mi
11;360;h;yes;15;d
11;392;d;no;392;d
11;500;h;yes;20.8333333333;d
11;5.25;d;no;5.25;d
11;690;h;yes;28.75;d
11;7.5;h;no;7.5;h
11;8;dpf;no;8;remove
11;89;h;no;89;h
11;9.5;d;no;9.5;d
11;NR;fs;no;NR;remove
11;NR;pm;no;NR;remove
11;;ma;no;0;remove
10;0.12;h;yes;7.2;mi
10;0.37;h;yes;22.2;mi
10;10;dpe;no;10;remove
10;104;wk;yes;728;d
10;12;mi;no;12;mi
10;136;wk;yes;952;d
10;143;d;no;143;d
10;152;d;no;152;d
10;155;d;no;155;d
10;160;h;yes;6.6666666667;d
10;186;d;no;186;d
10;2;gs;no;2;remove
10;2.3;h;yes;138;mi
10;2.5;wk;yes;17.5;d
10;274;d;no;274;d
10;300;mi;no;300;mi
10;301;dph;no;301;remove
10;3.6;d;yes;86.4;h
10;360;mi;yes;6;h
10;400;h;yes;16.6666666667;d
10;50;dpf;no;50;remove
10;5.3;d;no;5.3;d
10;54;dph;no;54;remove
10;5.5;d;no;5.5;d
10;6;brd;no;6;remove
10;63;h;no;63;h
10;6.5;wk;yes;45.5;d
10;69.5;h;no;69.5;h
10;7;dpf;no;7;remove
10;7.25;h;no;7.25;h
10;7.5;mo;yes;225;d
10;86;h;no;86;h
9;0.104;h;yes;6.24;mi
9;0.13;h;yes;7.8;mi
9;0.28;h;yes;16.8;mi
9;0.48;h;yes;28.8;mi
9;1;s;no;1;s
9;10;dph;no;10;remove
9;101;h;no;101;h
9;107;d;no;107;d
9;11.75;h;no;11.75;h
9;128;d;no;128;d
9;131;d;no;131;d
9;14;mi;no;14;mi
9;142;d;no;142;d
9;15;ge;no;15;remove
9;1.5;wk;yes;10.5;d
9;158;d;no;158;d
9;16;dpf;no;16;remove
9;16;stg;no;16;remove
9;165;d;no;165;d
9;167;dph;no;167;remove
9;171;d;no;171;d
9;18;mi;no;18;mi
9;189;d;no;189;d
9;191;d;no;191;d
9;205;d;no;205;d
9;25;go;no;25;remove
9;250;d;no;250;d
9;25.5;h;no;25.5;h
9;2.6;h;yes;156;mi
9;261;d;no;261;d
9;276;d;no;276;d
9;330;d;no;330;d
9;3.6;h;yes;216;mi
9;37;wk;yes;259;d
9;3.75;h;yes;225;mi
9;40;mo;yes;1200;d
9;4.25;h;yes;255;mi
9;43;go;no;43;remove
9;500;mi;yes;8.3333333333;h
9;55;gds;no;55;remove
9;5.6;h;no;5.6;h
9;59;h;no;59;h
9;594;h;yes;24.75;d
9;64;wk;yes;448;d
9;794;h;yes;33.0833333333;d
9;8;stg;no;8;remove
9;88;wk;yes;616;d
9;NR;gm;no;NR;remove
9;NR;log;no;NR;remove
9;;stg;no;0;remove
8;0.008;h;yes;0.48;mi
8;0.15;h;yes;9;mi
8;0.23;h;yes;13.8;mi
8;0.27;h;yes;16.2;mi
8;0.58;h;yes;34.8;mi
8;0.6;d;yes;14.4;h
8;10.7;d;no;10.7;d
8;110;h;no;110;h
8;1.17;h;yes;70.2;mi
8;118;h;no;118;h
8;124;h;yes;5.1666666667;d
8;129;d;no;129;d
8;13;stg;no;13;remove
8;1.3;d;yes;31.2;h
8;135;d;no;135;d
8;137;d;no;137;d
8;14;stg;no;14;remove
8;1.4;h;yes;84;mi
8;1460;mi;yes;24.3333333333;h
8;149;d;no;149;d
8;1490;mi;yes;24.8333333333;h
8;15;stg;no;15;remove
8;157;d;no;157;d
8;166;wk;yes;1162;d
8;17.5;h;no;17.5;h
8;183;d;no;183;d
8;18.75;h;no;18.75;h
8;19;stg;no;19;remove
8;21;stg;no;21;remove
8;22;mo;yes;660;d
8;23;mi;no;23;mi
8;255;d;no;255;d
8;26;mo;yes;780;d
8;263;d;no;263;d
8;29;go;no;29;remove
8;3;hpf;no;3;remove
8;318;d;no;318;d
8;320;h;yes;13.3333333333;d
8;3.33;h;yes;199.8;mi
8;34;go;no;34;remove
8;37;mo;yes;1110;d
8;3.7;d;yes;88.8;h
8;3.8;d;yes;91.2;h
8;4.1;d;yes;98.4;h
8;4.1;h;yes;246;mi
8;412;d;no;412;d
8;4.3;h;yes;258;mi
8;4.8;d;yes;115.2;h
8;5.4;d;no;5.4;d
8;552;h;yes;23;d
8;6.3;d;no;6.3;d
8;7;brd;no;7;remove
8;72.3;d;no;72.3;d
8;81;h;no;81;h
8;85;mi;no;85;mi
8;9.5;h;no;9.5;h
7;0.38;h;yes;22.8;mi
7;0.45;h;yes;27;mi
7;0.78;h;yes;46.8;mi
7;0.9;h;yes;54;mi
7;0.92;h;yes;55.2;mi
7;1000;mi;yes;16.6666666667;h
7;10000;mi;yes;6.9444444444;d
7;105;wk;yes;735;d
7;10.5;h;no;10.5;h
7;106;h;no;106;h
7;11.5;h;no;11.5;h
7;116;d;no;116;d
7;12.2;h;no;12.2;h
7;125;mi;no;125;mi
7;134;h;yes;5.5833333333;d
7;143;h;yes;5.9583333333;d
7;146;h;yes;6.0833333333;d
7;161;h;yes;6.7083333333;d
7;166;h;yes;6.9166666667;d
7;178;d;no;178;d
7;18;hph;no;18;remove
7;180;h;yes;7.5;d
7;193;d;no;193;d
7;203;d;no;203;d
7;20.5;h;no;20.5;h
7;20.8;d;no;20.8;d
7;21;wk;yes;147;d
7;2.1;d;yes;50.4;h
7;220;d;no;220;d
7;220;h;yes;9.1666666667;d
7;249;d;no;249;d
7;2.5;mi;no;2.5;mi
7;25.6;d;no;25.6;d
7;27;mo;yes;810;d
7;28;mo;yes;840;d
7;28.7;d;no;28.7;d
7;295;d;no;295;d
7;3;ins;no;3;remove
7;320;d;no;320;d
7;39;mi;no;39;mi
7;4;stg;no;4;remove
7;42.5;d;no;42.5;d
7;4.3;d;yes;103.2;h
7;432;h;yes;18;d
7;4.4;h;yes;264;mi
7;45;dpf;no;45;remove
7;5;ge;no;5;remove
7;5.3;h;no;5.3;h
7;574;h;yes;23.9166666667;d
7;60;s;no;60;s
7;6.58;h;no;6.58;h
7;664;h;yes;27.6666666667;d
7;684;h;yes;28.5;d
7;7;yr;no;7;yr
7;75;dpf;no;75;remove
7;79;h;no;79;h
7;8;mi;no;8;mi
7;80;s;no;80;s
7;8.5;h;no;8.5;h
7;89;d;no;89;d
7;9;dpf;no;9;remove
7;90;hpf;no;90;remove
7;NR;epa;no;NR;remove
7;NR;fry;no;NR;remove
7;NR;nf;no;NR;remove
6;0.02;h;yes;1.2;mi
6;0.11;h;yes;6.6;mi
6;0.125;h;yes;7.5;mi
6;0.18;h;yes;10.8;mi
6;0.2;wk;yes;33.6;h
6;0.47;h;yes;28.2;mi
6;0.5;wk;yes;84;h
6;0.86;h;yes;51.6;mi
6;10;dps;no;10;remove
6;1008;h;yes;42;d
6;104;h;no;104;h
6;105;h;no;105;h
6;11;mi;no;11;mi
6;110;mi;no;110;mi
6;112;mi;no;112;mi
6;114;d;no;114;d
6;11.8;d;no;11.8;d
6;121;h;yes;5.0416666667;d
6;135;mi;no;135;mi
6;13.8;h;no;13.8;h
6;150;dph;no;150;remove
6;151;d;no;151;d
6;1.6;d;yes;38.4;h
6;163;d;no;163;d
6;16.5;d;no;16.5;d
6;168;hpf;no;168;remove
6;17;mi;no;17;mi
6;1.7;h;yes;102;mi
6;17.6;d;no;17.6;d
6;18.33;h;no;18.33;h
6;19;mi;no;19;mi
6;196;h;yes;8.1666666667;d
6;202;d;no;202;d
6;20.5;d;no;20.5;d
6;22;mi;no;22;mi
6;2.25;h;yes;135;mi
6;24;hph;no;24;remove
6;24.25;h;no;24.25;h
6;25;wk;yes;175;d
6;26;mi;no;26;mi
6;26.5;h;no;26.5;h
6;270;mi;no;270;mi
6;2.8;d;yes;67.2;h
6;2.8;h;yes;168;mi
6;280;d;no;280;d
6;28.5;d;no;28.5;d
6;304;d;no;304;d
6;31;mi;no;31;mi
6;3.2;h;yes;192;mi
6;33;mi;no;33;mi
6;342;h;yes;14.25;d
6;36;mo;yes;1080;d
6;36.71;d;no;36.71;d
6;39;h;no;39;h
6;4;dpf;no;4;remove
6;42;stg;no;42;remove
6;42.25;d;no;42.25;d
6;4.5;wk;yes;31.5;d
6;456;h;yes;19;d
6;459;d;no;459;d
6;4.6;h;yes;276;mi
6;47;hpf;no;47;remove
6;47;stg;no;47;remove
6;4.75;d;yes;114;h
6;4.75;h;yes;285;mi
6;48;mi;no;48;mi
6;48;s;no;48;s
6;5;dph;no;5;remove
6;514;d;no;514;d
6;5.21;d;no;5.21;d
6;54;hpf;no;54;remove
6;554;h;yes;23.0833333333;d
6;5.6;d;no;5.6;d
6;5.9;d;no;5.9;d
6;600;s;no;600;s
6;63;wk;yes;441;d
6;6.4;d;no;6.4;d
6;6.7;h;no;6.7;h
6;700;mi;yes;11.6666666667;h
6;7.3;d;no;7.3;d
6;754;h;yes;31.4166666667;d
6;8.3;h;no;8.3;h
6;87;h;no;87;h
6;NR;ant;no;NR;remove
6;NR;gs;no;NR;remove
5;0;yr;no;0;remove
5;0.037;h;yes;2.22;mi
5;0.067;h;yes;4.02;mi
5;0.32;h;yes;19.2;mi
5;0.52;h;yes;31.2;mi
5;0.53;h;yes;31.8;mi
5;0.63;h;yes;37.8;mi
5;0.65;h;yes;39;mi
5;0.68;h;yes;40.8;mi
5;0.7;d;yes;16.8;h
5;1;hv;no;1;remove
5;100;dpf;no;100;remove
5;103;mi;no;103;mi
5;10.6;d;no;10.6;d
5;11.4;h;no;11.4;h
5;11.5;d;no;11.5;d
5;11.5;mo;yes;345;d
5;116;h;no;116;h
5;119;h;no;119;h
5;123;d;no;123;d
5;125;h;yes;5.2083333333;d
5;127;h;yes;5.2916666667;d
5;132;d;no;132;d
5;13.6;h;no;13.6;h
5;138;h;yes;5.75;d
5;14.4;d;no;14.4;d
5;14.7;d;no;14.7;d
5;156;h;yes;6.5;d
5;1.58;h;yes;94.8;mi
5;164;h;yes;6.8333333333;d
5;16.4;h;no;16.4;h
5;16.67;h;no;16.67;h
5;173;d;no;173;d
5;18;dph;no;18;remove
5;181;mi;no;181;mi
5;18.3;d;no;18.3;d
5;18.5;h;no;18.5;h
5;190;h;yes;7.9166666667;d
5;1.92;h;yes;115.2;mi
5;195;h;yes;8.125;d
5;196;d;no;196;d
5;2;ins;no;2;remove
5;20.83;d;no;20.83;d
5;21;mi;no;21;mi
5;21;mo;yes;630;d
5;2.17;h;yes;130.2;mi
5;21.9;d;no;21.9;d
5;24;mi;no;24;mi
5;245;mi;no;245;mi
5;260;mi;no;260;mi
5;265;d;no;265;d
5;27;mi;no;27;mi
5;293;d;no;293;d
5;308;d;no;308;d
5;31;dph;no;31;remove
5;3.25;h;yes;195;mi
5;33;dph;no;33;remove
5;34;wk;yes;238;d
5;3.4;h;yes;204;mi
5;36;dph;no;36;remove
5;364;d;no;364;d
5;370;mi;yes;6.1666666667;h
5;38;dph;no;38;remove
5;38;mo;yes;1140;d
5;408;h;yes;17;d
5;4.2;h;yes;252;mi
5;4.25;d;yes;102;h
5;43;mi;no;43;mi
5;43;wk;yes;301;d
5;45;nf;no;45;remove
5;4.7;d;yes;112.8;h
5;5;s;no;5;s
5;5;yr;no;5;yr
5;5.1;d;no;5.1;d
5;513;d;no;513;d
5;55;mi;no;55;mi
5;56;dpf;no;56;remove
5;5.7;h;no;5.7;h
5;59;mi;no;59;mi
5;600;mi;yes;10;h
5;61;h;no;61;h
5;6.2;h;no;6.2;h
5;644;h;yes;26.8333333333;d
5;648;h;yes;27;d
5;674;h;yes;28.0833333333;d
5;6.8;d;no;6.8;d
5;6.8;h;no;6.8;h
5;7;stg;no;7;remove
5;714;h;yes;29.75;d
5;720;d;no;720;d
5;724;h;yes;30.1666666667;d
5;735;d;no;735;d
5;77;dph;no;77;remove
5;78;dph;no;78;remove
5;8.17;h;no;8.17;h
5;8.33;h;no;8.33;h
5;85.7;h;no;85.7;h
5;9;mi;no;9;mi
5;9.4;h;no;9.4;h
5;95;mi;no;95;mi
5;96.75;h;no;96.75;h
5;NR;i2;no;NR;remove
4;0;wk;no;0;remove
4;0.042;h;yes;2.52;mi
4;0.22;h;yes;13.2;mi
4;0.26;h;yes;15.6;mi
4;0.3;d;yes;7.2;h
4;0.43;h;yes;25.8;mi
4;0.8;d;yes;19.2;h
4;0.85;h;yes;51;mi
4;0.9;d;yes;21.6;h
4;0.95;h;yes;57;mi
4;0.97;h;yes;58.2;mi
4;1;ins;no;1;remove
4;10;brd;no;10;remove
4;101;dph;no;101;remove
4;10.4;d;no;10.4;d
4;10.4;h;no;10.4;h
4;107;h;no;107;h
4;1.08;h;yes;64.8;mi
4;10.9;h;no;10.9;h
4;1.1;d;yes;26.4;h
4;1.1;h;yes;66;mi
4;113;hpf;no;113;remove
4;1.15;d;yes;27.6;h
4;11.6;d;no;11.6;d
4;118;dpf;no;118;remove
4;123;h;yes;5.125;d
4;126;h;yes;5.25;d
4;128;mi;no;128;mi
4;13;hpf;no;13;remove
4;130;h;yes;5.4166666667;d
4;13.1;d;no;13.1;d
4;132;mi;no;132;mi
4;141;h;yes;5.875;d
4;14.1;h;no;14.1;h
4;14.2;d;no;14.2;d
4;143;mi;no;143;mi
4;14.4;h;no;14.4;h
4;1440;mi;yes;24;h
4;1450;mi;yes;24.1666666667;h
4;154;d;no;154;d
4;15.5;d;no;15.5;d
4;15.5;h;no;15.5;h
4;16;dph;no;16;remove
4;16;mi;no;16;mi
4;1.6;h;yes;96;mi
4;163;mi;no;163;mi
4;16.8;d;no;16.8;d
4;169;h;yes;7.0416666667;d
4;16.9;d;no;16.9;d
4;1690;h;yes;70.4166666667;d
4;1.7;d;yes;40.8;h
4;17.1;d;no;17.1;d
4;172;dph;no;172;remove
4;17.4;d;no;17.4;d
4;176;d;no;176;d
4;18.1;d;no;18.1;d
4;1.83;h;yes;109.8;mi
4;18.3;h;no;18.3;h
4;18.9;d;no;18.9;d
4;1.9;h;yes;114;mi
4;19.2;d;no;19.2;d
4;19.5;d;no;19.5;d
4;1972;d;no;1972;d
4;19.8;d;no;19.8;d
4;2000;mi;yes;33.3333333333;h
4;20.9;h;no;20.9;h
4;2.15;h;yes;129;mi
4;21.5;d;no;21.5;d
4;22;dph;no;22;remove
4;220;mi;no;220;mi
4;2.25;yr;no;2.25;yr
4;230;h;yes;9.5833333333;d
4;2.33;h;yes;139.8;mi
4;241;d;no;241;d
4;25;dph;no;25;remove
4;252;d;no;252;d
4;25.2;d;no;25.2;d
4;253;d;no;253;d
4;255;mi;no;255;mi
4;258;d;no;258;d
4;2.7;h;yes;162;mi
4;280;h;yes;11.6666666667;d
4;283;h;yes;11.7916666667;d
4;287;h;yes;11.9583333333;d
4;28.75;d;no;28.75;d
4;288;d;no;288;d
4;291;d;no;291;d
4;294;d;no;294;d
4;29.5;d;no;29.5;d
4;30.5;h;no;30.5;h
4;3.1;h;yes;186;mi
4;316;d;no;316;d
4;32;mi;no;32;mi
4;32;wk;yes;224;d
4;3.2;d;yes;76.8;h
4;32.5;h;no;32.5;h
4;3.27;d;yes;78.48;h
4;33;wk;yes;231;d
4;343;d;no;343;d
4;35;mo;yes;1050;d
4;3.5;mi;no;3.5;mi
4;352;d;no;352;d
4;35.5;h;no;35.5;h
4;360;d;no;360;d
4;363;h;yes;15.125;d
4;3.66;mi;no;3.66;mi
4;3.67;h;yes;220.2;mi
4;38;mi;no;38;mi
4;3.85;h;yes;231;mi
4;3.9;d;yes;93.6;h
4;400;mi;yes;6.6666666667;h
4;408;d;no;408;d
4;4.08;d;yes;97.92;h
4;41;mi;no;41;mi
4;4.17;d;yes;100.08;h
4;4.17;mi;no;4.17;mi
4;43.5;d;no;43.5;d
4;4.4;d;yes;105.6;h
4;4.67;mi;no;4.67;mi
4;4.79;d;yes;114.96;h
4;48;hph;no;48;remove
4;495;mi;yes;8.25;h
4;49.5;h;no;49.5;h
4;5.1;h;no;5.1;h
4;510;mi;yes;8.5;h
4;5.15;h;no;5.15;h
4;51.5;h;no;51.5;h
4;56;dph;no;56;remove
4;57;mi;no;57;mi
4;5.75;d;no;5.75;d
4;5.79;d;no;5.79;d
4;58;nf;no;58;remove
4;5.83;d;no;5.83;d
4;5.9;h;no;5.9;h
4;60;dpp;no;60;remove
4;600;d;no;600;d
4;604;h;yes;25.1666666667;d
4;6.2;d;no;6.2;d
4;6.25;h;no;6.25;h
4;654;h;yes;27.25;d
4;66;hpf;no;66;remove
4;6.6;h;no;6.6;h
4;672;h;yes;28;d
4;688;h;yes;28.6666666667;d
4;6.9;h;no;6.9;h
4;7.1;d;no;7.1;d
4;7.2;h;no;7.2;h
4;7.4;h;no;7.4;h
4;7.5;wk;yes;52.5;d
4;7.67;d;no;7.67;d
4;7.75;h;no;7.75;h
4;8;brd;no;8;remove
4;8;dph;no;8;remove
4;8;hpf;no;8;remove
4;80;hpf;no;80;remove
4;826;d;no;826;d
4;826;h;yes;34.4166666667;d
4;83;h;no;83;h
4;8.3;d;no;8.3;d
4;84.25;d;no;84.25;d
4;84.5;d;no;84.5;d
4;84.75;d;no;84.75;d
4;8760;h;yes;365;d
4;8.9;mi;no;8.9;mi
4;9;brd;no;9;remove
4;90;s;no;90;s
4;922;mi;yes;15.3666666667;h
4;9.3;d;no;9.3;d
4;9.3;h;no;9.3;h
4;95.5;h;no;95.5;h
4;96.5;h;no;96.5;h
4;9.7;d;no;9.7;d
4;99;h;no;99;h
4;NR;dh;no;NR;remove
4;NR;ey;no;NR;remove
4;;ej;no;0;remove
4;;ey;no;0;remove
4;;frt;no;0;remove
3;0.028;h;yes;1.68;mi
3;0.031;h;yes;1.86;mi
3;0.08;d;yes;115.2;mi
3;0.092;h;yes;5.52;mi
3;0.1;d;yes;144;mi
3;0.17;d;yes;244.8;mi
3;0.35;h;yes;21;mi
3;0.4;d;yes;9.6;h
3;0.5;mo;yes;15;d
3;0.5;yr;yes;182.5;d
3;0.55;h;yes;33;mi
3;0.56;h;yes;33.6;mi
3;0.57;h;yes;34.2;mi
3;0.62;h;yes;37.2;mi
3;0.77;h;yes;46.2;mi
3;0.82;h;yes;49.2;mi
3;0.87;h;yes;52.2;mi
3;0.88;h;yes;52.8;mi
3;0.93;h;yes;55.8;mi
3;1;dpm;no;1;remove
3;1;stg;no;1;remove
3;100;dph;no;100;remove
3;100.5;dph;no;100.5;remove
3;10.1;d;no;10.1;d
3;1.02;h;yes;61.2;mi
3;10.2;d;no;10.2;d
3;103;dph;no;103;remove
3;1.03;h;yes;61.8;mi
3;10.3;d;no;10.3;d
3;10.3;h;no;10.3;h
3;1.05;h;yes;63;mi
3;10.6;h;no;10.6;h
3;109;h;no;109;h
3;11.1;h;no;11.1;h
3;11.2;h;no;11.2;h
3;114;hpf;no;114;remove
3;115;mi;no;115;mi
3;1.15;h;yes;69;mi
3;11.6;h;no;11.6;h
3;11.7;d;no;11.7;d
3;11.8;h;no;11.8;h
3;119;mi;no;119;mi
3;12;hpf;no;12;remove
3;1.2;d;yes;28.8;h
3;1.22;h;yes;73.2;mi
3;1.23;h;yes;73.8;mi
3;12.3;d;no;12.3;d
3;12.4;h;no;12.4;h
3;126;mi;no;126;mi
3;12.6;h;no;12.6;h
3;12.7;h;no;12.7;h
3;129;mi;no;129;mi
3;13.3;d;no;13.3;d
3;13.3;h;no;13.3;h
3;13.4;h;no;13.4;h
3;136;h;yes;5.6666666667;d
3;13.6;d;no;13.6;d
3;136.8;d;no;136.8;d
3;1.37;h;yes;82.2;mi
3;13.7;d;no;13.7;d
3;138;hpf;no;138;remove
3;145;mi;no;145;mi
3;14.5;d;no;14.5;d
3;1452;mi;yes;24.2;h
3;148;h;yes;6.1666666667;d
3;14.85;d;no;14.85;d
3;1.5;yr;no;1.5;yr
3;152;h;yes;6.3333333333;d
3;152;mi;no;152;mi
3;1.52;h;yes;91.2;mi
3;15.2;h;no;15.2;h
3;15.3;h;no;15.3;h
3;15.6;h;no;15.6;h
3;15.8;d;no;15.8;d
3;16.04;d;no;16.04;d
3;16.08;d;no;16.08;d
3;162;d;no;162;d
3;16.25;d;no;16.25;d
3;16.3;d;no;16.3;d
3;16.5;h;no;16.5;h
3;166;mi;no;166;mi
3;17.2;h;no;17.2;h
3;175;d;no;175;d
3;175;h;yes;7.2916666667;d
3;1.78;h;yes;106.8;mi
3;17.9;d;no;17.9;d
3;18.2;h;no;18.2;h
3;184;mi;no;184;mi
3;19;dph;no;19;remove
3;1.9;d;yes;45.6;h
3;1.93;h;yes;115.8;mi
3;19.4;h;no;19.4;h
3;19.5;h;no;19.5;h
3;198;d;no;198;d
3;198;mi;no;198;mi
3;19.9;d;no;19.9;d
3;20.2;h;no;20.2;h
3;2.1;h;yes;126;mi
3;21.1;d;no;21.1;d
3;21.3;h;no;21.3;h
3;214;h;yes;8.9166666667;d
3;21.5;h;no;21.5;h
3;21.7;d;no;21.7;d
3;21.7;h;no;21.7;h
3;219;d;no;219;d
3;22;hpf;no;22;remove
3;221;d;no;221;d
3;223;mi;no;223;mi
3;225;mi;no;225;mi
3;226;d;no;226;d
3;228;h;yes;9.5;d
3;231;d;no;231;d
3;232;d;no;232;d
3;23.3;h;no;23.3;h
3;234;d;no;234;d
3;235;d;no;235;d
3;235;mi;no;235;mi
3;2.38;h;yes;142.8;mi
3;2.4;h;yes;144;mi
3;240;hph;no;240;remove
3;241;h;yes;10.0416666667;d
3;2.42;h;yes;145.2;mi
3;245;d;no;245;d
3;250;mi;no;250;mi
3;253;h;yes;10.5416666667;d
3;259;d;no;259;d
3;260;h;yes;10.8333333333;d
3;26.15;d;no;26.15;d
3;264;d;no;264;d
3;267;d;no;267;d
3;2.7;d;yes;64.8;h
3;27.8;h;no;27.8;h
3;27.89;d;no;27.89;d
3;28.06;d;no;28.06;d
3;28.08;d;no;28.08;d
3;2.82;h;yes;169.2;mi
3;2.83;h;yes;169.8;mi
3;28.3;h;no;28.3;h
3;285;d;no;285;d
3;28.5;h;no;28.5;h
3;289;d;no;289;d
3;29;mi;no;29;mi
3;2.9;h;yes;174;mi
3;292;d;no;292;d
3;29.5;h;no;29.5;h
3;297;d;no;297;d
3;30.18;d;no;30.18;d
3;30.79;d;no;30.79;d
3;30.8;h;no;30.8;h
3;309;d;no;309;d
3;310;d;no;310;d
3;313;h;yes;13.0416666667;d
3;32;dph;no;32;remove
3;323;d;no;323;d
3;32.53;d;no;32.53;d
3;329;d;no;329;d
3;3.3;d;yes;79.2;h
3;330;h;yes;13.75;d
3;330;mi;no;330;mi
3;34;mi;no;34;mi
3;3.4;d;yes;81.6;h
3;34.06;d;no;34.06;d
3;3.42;h;yes;205.2;mi
3;34.2;h;no;34.2;h
3;34.5;d;no;34.5;d
3;35;dph;no;35;remove
3;36;go;no;36;remove
3;36;mi;no;36;mi
3;37;stg;no;37;remove
3;38;wk;yes;266;d
3;383;d;no;383;d
3;388;d;no;388;d
3;39.8;h;no;39.8;h
3;4;wph;no;4;remove
3;40;mpf;no;40;remove
3;4000;mi;yes;66.6666666667;h
3;425;d;no;425;d
3;43;dph;no;43;remove
3;4.33;h;yes;259.8;mi
3;443;d;no;443;d
3;448;d;no;448;d
3;45.3;d;no;45.3;d
3;4.58;d;yes;109.92;h
3;46.5;h;no;46.5;h
3;4.7;h;yes;282;mi
3;47.3;h;no;47.3;h
3;48;mo;yes;1440;d
3;4.83;h;yes;289.8;mi
3;489;d;no;489;d
3;4.9;d;yes;117.6;h
3;5;dpm;no;5;remove
3;506;h;yes;21.0833333333;d
3;507;h;yes;21.125;d
3;5.33;d;no;5.33;d
3;55;dph;no;55;remove
3;55.5;d;no;55.5;d
3;5.8;d;no;5.8;d
3;5.83;h;no;5.83;h
3;59;dph;no;59;remove
3;6;dph;no;6;remove
3;6;ge;no;6;remove
3;6;hpf;no;6;remove
3;6;ins;no;6;remove
3;6.04;d;no;6.04;d
3;614;h;yes;25.5833333333;d
3;61.7;h;no;61.7;h
3;624;h;yes;26;d
3;63;mi;no;63;mi
3;634;h;yes;26.4166666667;d
3;6.5;mo;yes;195;d
3;6.6;d;no;6.6;d
3;6.67;h;no;6.67;h
3;67.2;h;no;67.2;h
3;694;h;yes;28.9166666667;d
3;704;h;yes;29.3333333333;d
3;72;wk;yes;504;d
3;7.2;d;no;7.2;d
3;744;h;yes;31;d
3;76;mi;no;76;mi
3;766;h;yes;31.9166666667;d
3;77;mi;no;77;mi
3;7.7;d;no;7.7;d
3;7.7;h;no;7.7;h
3;78;mi;no;78;mi
3;7.8;d;no;7.8;d
3;7.8;h;no;7.8;h
3;79;mi;no;79;mi
3;7.9;d;no;7.9;d
3;7.9;h;no;7.9;h
3;8.1;d;no;8.1;d
3;8.14;wk;yes;56.98;d
3;8.2;d;no;8.2;d
3;8.2;h;no;8.2;h
3;83.2;h;no;83.2;h
3;8.4;d;no;8.4;d
3;8.4;h;no;8.4;h
3;86;mi;no;86;mi
3;8.6;h;no;8.6;h
3;86.4;h;no;86.4;h
3;87;mi;no;87;mi
3;8.75;d;no;8.75;d
3;8.8;h;no;8.8;h
3;8.9;d;no;8.9;d
3;9;stg;no;9;remove
3;900;mi;yes;15;h
3;93.5;d;no;93.5;d
3;94;hpf;no;94;remove
3;9.4;d;no;9.4;d
3;9.6;d;no;9.6;d
3;9.8;h;no;9.8;h
3;99.9;dph;no;99.9;remove
3;NR;clv;no;NR;remove
2;0;dph;no;0;remove
2;0.004;h;yes;0.24;mi
2;0.013;h;yes;0.78;mi
2;0.015;h;yes;0.9;mi
2;0.027;h;yes;1.62;mi
2;0.032;h;yes;1.92;mi
2;0.035;h;yes;2.1;mi
2;0.057;h;yes;3.42;mi
2;0.06;h;yes;3.6;mi
2;0.075;h;yes;4.5;mi
2;0.09;h;yes;5.4;mi
2;0.14;h;yes;8.4;mi
2;0.2;d;yes;288;mi
2;0.258;h;yes;15.48;mi
2;0.26;d;yes;6.24;h
2;0.266;h;yes;15.96;mi
2;0.31;d;yes;7.44;h
2;0.31;h;yes;18.6;mi
2;0.34;h;yes;20.4;mi
2;0.75;d;yes;18;h
2;0.81;h;yes;48.6;mi
2;0.98;h;yes;58.8;mi
2;1;dbh;no;1;remove
2;1;lf;no;1;remove
2;10;dpf;no;10;remove
2;100;wk;yes;700;d
2;101;mi;no;101;mi
2;10.1;mi;no;10.1;mi
2;10.17;d;no;10.17;d
2;10.2;h;no;10.2;h
2;1030;h;yes;42.9166666667;d
2;10.33;d;no;10.33;d
2;104;mi;no;104;mi
2;107;mi;no;107;mi
2;10.7;h;no;10.7;h
2;107.5;mi;no;107.5;mi
2;108;dph;no;108;remove
2;108;wk;yes;756;d
2;10.8;d;no;10.8;d
2;109;mi;no;109;mi
2;10.9;d;no;10.9;d
2;11000;mi;yes;7.6388888889;d
2;111;mi;no;111;mi
2;11.1;dpf;no;11.1;remove
2;1115;d;no;1115;d
2;1115;mi;yes;18.5833333333;h
2;11.25;h;no;11.25;h
2;113;h;no;113;h
2;1.13;h;yes;67.8;mi
2;1137;mi;yes;18.95;h
2;11.5;dpf;no;11.5;remove
2;115.2;h;no;115.2;h
2;11.67;d;no;11.67;d
2;117;h;no;117;h
2;11.7;h;no;11.7;h
2;1.18;h;yes;70.8;mi
2;11.9;h;no;11.9;h
2;119.7;mi;no;119.7;mi
2;120;hph;no;120;remove
2;120;s;no;120;s
2;12.1;d;no;12.1;d
2;12.2;d;no;12.2;d
2;12.25;h;no;12.25;h
2;12.3;h;no;12.3;h
2;124;dph;no;124;remove
2;124;hpf;no;124;remove
2;125;dph;no;125;remove
2;12.51;h;no;12.51;h
2;1271.2;mi;yes;21.1866666667;h
2;128;h;yes;5.3333333333;d
2;12.9;h;no;12.9;h
2;12.9;mi;no;12.9;mi
2;1295;h;yes;53.9583333333;d
2;13;mi;no;13;mi
2;131;h;yes;5.4583333333;d
2;13.17;h;no;13.17;h
2;132;hpf;no;132;remove
2;1320;mi;yes;22;h
2;134;mi;no;134;mi
2;135;h;yes;5.625;d
2;13.5;d;no;13.5;d
2;13.5;mi;no;13.5;mi
2;138;mi;no;138;mi
2;13.9;d;no;13.9;d
2;141;mi;no;141;mi
2;1411;h;yes;58.7916666667;d
2;142;h;yes;5.9166666667;d
2;1.42;h;yes;85.2;mi
2;14.3;d;no;14.3;d
2;1442;mi;yes;24.0333333333;h
2;14432;mi;yes;10.0222222222;d
2;1445;mi;yes;24.0833333333;h
2;14491;mi;yes;10.0631944444;d
2;145;h;yes;6.0416666667;d
2;1.45;h;yes;87;mi
2;1457;mi;yes;24.2833333333;h
2;14.7;h;no;14.7;h
2;1474;mi;yes;24.5666666667;h
2;148;mi;no;148;mi
2;14.9;h;no;14.9;h
2;15;dph;no;15;remove
2;1500;h;yes;62.5;d
2;151;mi;no;151;mi
2;15.1;h;no;15.1;h
2;153;h;yes;6.375;d
2;1.53;h;yes;91.8;mi
2;15.3;d;no;15.3;d
2;154;dph;no;154;remove
2;154.4;mi;no;154.4;mi
2;1.55;h;yes;93;mi
2;156;mi;no;156;mi
2;15.67;d;no;15.67;d
2;158;mi;no;158;mi
2;15.8;h;no;15.8;h
2;15.9;d;no;15.9;d
2;162;h;yes;6.75;d
2;1.62;h;yes;97.2;mi
2;163;h;yes;6.7916666667;d
2;16.3;h;no;16.3;h
2;16.33;d;no;16.33;d
2;163.3;mi;no;163.3;mi
2;165;h;yes;6.875;d
2;165;mi;no;165;mi
2;1.66;h;yes;99.6;mi
2;167;h;yes;6.9583333333;d
2;16.7;d;no;16.7;d
2;167.5;h;yes;6.9791666667;d
2;168;hv;no;168;remove
2;171;h;yes;7.125;d
2;171;mi;no;171;mi
2;17.1;mi;no;17.1;mi
2;171.5;mi;no;171.5;mi
2;17.2;d;no;17.2;d
2;17.3;h;no;17.3;h
2;17.4;h;no;17.4;h
2;17.43;h;no;17.43;h
2;17.59;h;no;17.59;h
2;176;h;yes;7.3333333333;d
2;177;mi;no;177;mi
2;17.75;d;no;17.75;d
2;17.77;d;no;17.77;d
2;178;dph;no;178;remove
2;178;h;yes;7.4166666667;d
2;180;dph;no;180;remove
2;181;d;no;181;d
2;18.2;d;no;18.2;d
2;183.7;h;yes;7.6541666667;d
2;18.4;d;no;18.4;d
2;18.4;h;no;18.4;h
2;18.5;d;no;18.5;d
2;18.6;d;no;18.6;d
2;187;h;yes;7.7916666667;d
2;18.9;h;no;18.9;h
2;190;d;no;190;d
2;190;hpf;no;190;remove
2;19.1;d;no;19.1;d
2;19.1;h;no;19.1;h
2;192;dph;no;192;remove
2;19.2;h;no;19.2;h
2;19.35;d;no;19.35;d
2;19.4;d;no;19.4;d
2;1.95;d;yes;46.8;h
2;19.6;d;no;19.6;d
2;197;mi;no;197;mi
2;19.7;h;no;19.7;h
2;19.8;h;no;19.8;h
2;2;crs;no;2;remove
2;2;cs;no;2;remove
2;2;s;no;2;s
2;2;stg;no;2;remove
2;20.1;d;no;20.1;d
2;2.02;h;yes;121.2;mi
2;20.3;d;no;20.3;d
2;204;h;yes;8.5;d
2;20.4;h;no;20.4;h
2;20.8;h;no;20.8;h
2;20.86;d;no;20.86;d
2;213;h;yes;8.875;d
2;21.3;d;no;21.3;d
2;214;d;no;214;d
2;21.4;h;no;21.4;h
2;21.6;h;no;21.6;h
2;21.6;mi;no;21.6;mi
2;217;h;yes;9.0416666667;d
2;2.18;h;yes;130.8;mi
2;219;h;yes;9.125;d
2;2.2;d;yes;52.8;h
2;22.4;d;no;22.4;d
2;22.4;h;no;22.4;h
2;22.5;d;no;22.5;d
2;22.5;h;no;22.5;h
2;22.9;h;no;22.9;h
2;23.06;d;no;23.06;d
2;2.33;d;yes;55.92;h
2;23.3;d;no;23.3;d
2;23.4;d;no;23.4;d
2;23.4;h;no;23.4;h
2;23.5;d;no;23.5;d
2;23.5;h;no;23.5;h
2;236;d;no;236;d
2;23.6;h;no;23.6;h
2;237;d;no;237;d
2;238;mi;no;238;mi
2;23.8;h;no;23.8;h
2;23.9;d;no;23.9;d
2;23.9;h;no;23.9;h
2;240;hpf;no;240;remove
2;24.4;d;no;24.4;d
2;24.4;h;no;24.4;h
2;2.45;h;yes;147;mi
2;24.5;d;no;24.5;d
2;248;mi;no;248;mi
2;250;h;yes;10.4166666667;d
2;25.2;h;no;25.2;h
2;256;d;no;256;d
2;25.61;h;no;25.61;h
2;257;d;no;257;d
2;25.7;d;no;25.7;d
2;2.58;h;yes;154.8;mi
2;25.9;d;no;25.9;d
2;2.6;d;yes;62.4;h
2;26.1;h;no;26.1;h
2;262;h;yes;10.9166666667;d
2;26.2;d;no;26.2;d
2;2.63;h;yes;157.8;mi
2;2.63;mi;no;2.63;mi
2;264;mi;no;264;mi
2;2.65;h;yes;159;mi
2;26.5;mi;no;26.5;mi
2;26.57;d;no;26.57;d
2;26.6;d;no;26.6;d
2;26.6;h;no;26.6;h
2;26.7;d;no;26.7;d
2;26.7;h;no;26.7;h
2;268;d;no;268;d
2;26.8;d;no;26.8;d
2;270;dph;no;270;remove
2;27.2;d;no;27.2;d
2;275;mi;no;275;mi
2;2.75;h;yes;165;mi
2;27.9;d;no;27.9;d
2;283;mi;no;283;mi
2;28.3;d;no;28.3;d
2;285;mi;no;285;mi
2;286;h;yes;11.9166666667;d
2;287;mi;no;287;mi
2;28.91;h;no;28.91;h
2;29;wk;yes;203;d
2;290;mi;no;290;mi
2;29.17;d;no;29.17;d
2;2.92;h;yes;175.2;mi
2;29.2;h;no;29.2;h
2;293;h;yes;12.2083333333;d
2;29.3;h;no;29.3;h
2;29.4;mi;no;29.4;mi
2;298;d;no;298;d
2;2.98;d;yes;71.52;h
2;3;crs;no;3;remove
2;3;stg;no;3;remove
2;3000;mi;yes;50;h
2;30.2;h;no;30.2;h
2;3.04;h;yes;182.4;mi
2;31.3;d;no;31.3;d
2;315;d;no;315;d
2;3.15;h;yes;189;mi
2;31.6;h;no;31.6;h
2;317;d;no;317;d
2;31.7;d;no;31.7;d
2;31.9;d;no;31.9;d
2;3.2;mi;no;3.2;mi
2;323;mi;no;323;mi
2;325;d;no;325;d
2;32.5;d;no;32.5;d
2;32.8;h;no;32.8;h
2;330;dd;no;330;remove
2;33.3;h;no;33.3;h
2;3.35;h;yes;201;mi
2;33.9;h;no;33.9;h
2;342;d;no;342;d
2;342;mi;no;342;mi
2;347;d;no;347;d
2;35;dpf;no;35;remove
2;350;h;yes;14.5833333333;d
2;351;mi;no;351;mi
2;3.53;h;yes;211.8;mi
2;35.6;h;no;35.6;h
2;357;d;no;357;d
2;358;d;no;358;d
2;3.63;d;yes;87.12;h
2;366;d;no;366;d
2;36.67;h;no;36.67;h
2;37;hpf;no;37;remove
2;37;mi;no;37;mi
2;3.72;h;yes;223.2;mi
2;375;mi;yes;6.25;h
2;376;mi;yes;6.2666666667;h
2;37.7;h;no;37.7;h
2;3.8;h;yes;228;mi
2;38.03;d;no;38.03;d
2;381;mi;yes;6.35;h
2;38.4;h;no;38.4;h
2;38.5;mi;no;38.5;mi
2;39;dph;no;39;remove
2;39;go;no;39;remove
2;390;d;no;390;d
2;3.92;h;yes;235.2;mi
2;3.95;h;yes;237;mi
2;4;crs;no;4;remove
2;4;hpf;no;4;remove
2;40.3;d;no;40.3;d
2;41;dph;no;41;remove
2;410;h;yes;17.0833333333;d
2;41.2;h;no;41.2;h
2;41.5;d;no;41.5;d
2;41.7;h;no;41.7;h
2;420;dph;no;420;remove
2;420;mi;yes;7;h
2;424;h;yes;17.6666666667;d
2;42.5;h;no;42.5;h
2;427;d;no;427;d
2;42.7;h;no;42.7;h
2;4273;mi;yes;71.2166666667;h
2;43.1;h;no;43.1;h
2;43.25;d;no;43.25;d
2;43.5;h;no;43.5;h
2;43.55;h;no;43.55;h
2;44;mi;no;44;mi
2;440;d;no;440;d
2;440;h;yes;18.3333333333;d
2;44.3;h;no;44.3;h
2;44.5;d;no;44.5;d
2;44.8;h;no;44.8;h
2;45;dph;no;45;remove
2;45.1;h;no;45.1;h
2;453;h;yes;18.875;d
2;45.5;h;no;45.5;h
2;460;d;no;460;d
2;460;h;yes;19.1666666667;d
2;4639;mi;yes;77.3166666667;h
2;4.67;d;yes;112.08;h
2;4.67;h;yes;280.2;mi
2;47;dph;no;47;remove
2;472.7;mi;yes;7.8783333333;h
2;48;wk;yes;336;d
2;4.81;d;yes;115.44;h
2;4.83;d;yes;115.92;h
2;4841.4;mi;yes;80.69;h
2;485;mi;yes;8.0833333333;h
2;4.85;h;yes;291;mi
2;48.5;h;no;48.5;h
2;487;h;yes;20.2916666667;d
2;4.88;d;yes;117.12;h
2;48.8;d;no;48.8;d
2;49;mi;no;49;mi
2;4.9;h;yes;294;mi
2;50.2;h;no;50.2;h
2;50.4;h;no;50.4;h
2;505;h;yes;21.0416666667;d
2;508;h;yes;21.1666666667;d
2;5.13;d;no;5.13;d
2;52.06;h;no;52.06;h
2;52.6;wk;yes;368.2;d
2;528;h;yes;22;d
2;53;dph;no;53;remove
2;53;mi;no;53;mi
2;5.32;d;no;5.32;d
2;53.5;h;no;53.5;h
2;53.7;d;no;53.7;d
2;54;mi;no;54;mi
2;54.3;h;no;54.3;h
2;54.5;h;no;54.5;h
2;5.5;mi;no;5.5;mi
2;55.4;h;no;55.4;h
2;5.55;h;no;5.55;h
2;556;h;yes;23.1666666667;d
2;55.66;h;no;55.66;h
2;55.81;h;no;55.81;h
2;55.9;mi;no;55.9;mi
2;56;nf;no;56;remove
2;560;d;no;560;d
2;5.63;d;no;5.63;d
2;56.4;d;no;56.4;d
2;5.67;d;no;5.67;d
2;56.7;wk;yes;396.9;d
2;57;dph;no;57;remove
2;57;mo;yes;1710;d
2;5.75;h;no;5.75;h
2;57.5;h;no;57.5;h
2;576;h;yes;24;d
2;57.6;h;no;57.6;h
2;5.78;h;no;5.78;h
2;5781;mi;yes;96.35;h
2;5792;mi;yes;96.5333333333;h
2;58;mi;no;58;mi
2;584;h;yes;24.3333333333;d
2;58.5;h;no;58.5;h
2;5.88;h;no;5.88;h
2;5.92;d;no;5.92;d
2;60;wk;yes;420;d
2;6000;mi;yes;100;h
2;60.8;h;no;60.8;h
2;60.9;wk;yes;426.3;d
2;61;dph;no;61;remove
2;61;mi;no;61;mi
2;6.1;d;no;6.1;d
2;62.2;h;no;62.2;h
2;6.25;d;no;6.25;d
2;6.3;h;no;6.3;h
2;6.33;h;no;6.33;h
2;63.38;h;no;63.38;h
2;6.4;h;no;6.4;h
2;64.14;h;no;64.14;h
2;65;dd;no;65;remove
2;65;dph;no;65;remove
2;652.5;h;yes;27.1875;d
2;65.9;wk;yes;461.3;d
2;66;mi;no;66;mi
2;66.1;h;no;66.1;h
2;6.63;d;no;6.63;d
2;66.9;h;no;66.9;h
2;6.7;d;no;6.7;d
2;67.13;h;no;67.13;h
2;6.75;d;no;6.75;d
2;6.85;d;no;6.85;d
2;687;mi;yes;11.45;h
2;69;mi;no;69;mi
2;7.054;d;no;7.054;d
2;71;mi;no;71;mi
2;7.1;h;no;7.1;h
2;7.13;d;no;7.13;d
2;72;ht;no;72;remove
2;7.25;d;no;7.25;d
2;72.8;d;no;72.8;d
2;72.82;h;no;72.82;h
2;7.3;h;no;7.3;h
2;73.1;d;no;73.1;d
2;7.33;d;no;7.33;d
2;7.33;h;no;7.33;h
2;7.34;d;no;7.34;d
2;7.46;d;no;7.46;d
2;74.7;h;no;74.7;h
2;7.5;mi;no;7.5;mi
2;750;d;no;750;d
2;75.5;h;no;75.5;h
2;7.58;h;no;7.58;h
2;7.59;d;no;7.59;d
2;7.66;d;no;7.66;d
2;7.67;h;no;7.67;h
2;76.7;mi;no;76.7;mi
2;7.7;mi;no;7.7;mi
2;7.71;d;no;7.71;d
2;78;hpf;no;78;remove
2;78;wk;yes;546;d
2;7.97;d;no;7.97;d
2;8;ge;no;8;remove
2;800;mi;yes;13.3333333333;h
2;80.4;h;no;80.4;h
2;81.25;h;no;81.25;h
2;8.13;d;no;8.13;d
2;82;mi;no;82;mi
2;8.2;mi;no;8.2;mi
2;82.3;h;no;82.3;h
2;83;mi;no;83;mi
2;83.6;h;no;83.6;h
2;85.03;h;no;85.03;h
2;85.2;h;no;85.2;h
2;8.6;d;no;8.6;d
2;860;s;no;860;s
2;8645;mi;yes;6.0034722222;d
2;87;dph;no;87;remove
2;8.7;d;no;8.7;d
2;8.7;h;no;8.7;h
2;879;s;no;879;s
2;88.1;h;no;88.1;h
2;8.9;h;no;8.9;h
2;89.1;mi;no;89.1;mi
2;89.96;d;no;89.96;d
2;90;wk;yes;630;d
2;9.1;d;no;9.1;d
2;91.2;mi;no;91.2;mi
2;91.3;h;no;91.3;h
2;9.15;h;no;9.15;h
2;9.167;d;no;9.167;d
2;92;wk;yes;644;d
2;9.2;h;no;9.2;h
2;92.4;dph;no;92.4;remove
2;93;mi;no;93;mi
2;9.5;mo;yes;285;d
2;96;hph;no;96;remove
2;960;mi;yes;16;h
2;96.7;h;no;96.7;h
2;9.7;h;no;9.7;h
2;9.79;d;no;9.79;d
2;98;mi;no;98;mi
2;9.8;d;no;9.8;d
2;NR;alv;no;NR;remove
2;NR;crs;no;NR;remove
2;NR;dpe;no;NR;remove
2;NR;ins;no;NR;remove
2;NR;myp;no;NR;remove
2;NR;zmy;no;NR;remove
2;;lvp;no;0;remove
1;;NR;no;0;remove
1;0.001;h;yes;0.06;mi
1;0.003;d;yes;4.32;mi
1;0.003;h;yes;0.18;mi
1;0.005;h;yes;0.3;mi
1;0.006;mi;no;0.006;mi
1;0.007;d;yes;10.08;mi
1;0.009;h;yes;0.54;mi
1;0.0097;mi;no;0.0097;mi
1;0.01;h;yes;0.6;mi
1;0.011;h;yes;0.66;mi
1;0.012;d;yes;17.28;mi
1;0.012;h;yes;0.72;mi
1;0.014;h;yes;0.84;mi
1;0.016;h;yes;0.96;mi
1;0.018;h;yes;1.08;mi
1;0.021;h;yes;1.26;mi
1;0.022;h;yes;1.32;mi
1;0.025;h;yes;1.5;mi
1;0.0259;mi;no;0.0259;mi
1;0.026;h;yes;1.56;mi
1;0.03;d;yes;43.2;mi
1;0.031;d;yes;44.64;mi
1;0.038;h;yes;2.28;mi
1;0.04;h;yes;2.4;mi
1;0.044;h;yes;2.64;mi
1;0.045;h;yes;2.7;mi
1;0.047;h;yes;2.82;mi
1;0.048;h;yes;2.88;mi
1;0.054;h;yes;3.24;mi
1;0.055;d;yes;79.2;mi
1;0.058;h;yes;3.48;mi
1;0.06;d;yes;86.4;mi
1;0.063;h;yes;3.78;mi
1;0.066;h;yes;3.96;mi
1;0.068;h;yes;4.08;mi
1;0.07;mi;no;0.07;mi
1;0.0706;mi;no;0.0706;mi
1;0.0708;mi;no;0.0708;mi
1;0.085;h;yes;5.1;mi
1;0.09;d;yes;129.6;mi
1;0.097;h;yes;5.82;mi
1;0.12;d;yes;172.8;mi
1;0.125;d;yes;180;mi
1;0.136;mi;no;0.136;mi
1;0.14;d;yes;201.6;mi
1;0.142;mi;no;0.142;mi
1;0.15;d;yes;216;mi
1;0.166;h;yes;9.96;mi
1;0.175;h;yes;10.5;mi
1;0.18;d;yes;259.2;mi
1;0.19;d;yes;273.6;mi
1;0.19;h;yes;11.4;mi
1;0.193;h;yes;11.58;mi
1;0.21;d;yes;5.04;h
1;0.21;h;yes;12.6;mi
1;0.2102;mi;no;0.2102;mi
1;0.225;h;yes;13.5;mi
1;0.24;h;yes;14.4;mi
1;0.267;h;yes;16.02;mi
1;0.278;h;yes;16.68;mi
1;0.284;mi;no;0.284;mi
1;0.289;mi;no;0.289;mi
1;0.29;h;yes;17.4;mi
1;0.291;mi;no;0.291;mi
1;0.2912;mi;no;0.2912;mi
1;0.307;h;yes;18.42;mi
1;0.31;mi;no;0.31;mi
1;0.317;h;yes;19.02;mi
1;0.342;mi;no;0.342;mi
1;0.361;mi;no;0.361;mi
1;0.368;h;yes;22.08;mi
1;0.39;h;yes;23.4;mi
1;0.398;mi;no;0.398;mi
1;0.423;h;yes;25.38;mi
1;0.443;h;yes;26.58;mi
1;0.49;h;yes;29.4;mi
1;0.492;h;yes;29.52;mi
1;0.51;h;yes;30.6;mi
1;0.522;h;yes;31.32;mi
1;0.523;h;yes;31.38;mi
1;0.56;yr;yes;204.4;d
1;0.58;d;yes;13.92;h
1;0.59;d;yes;14.16;h
1;0.59;h;yes;35.4;mi
1;0.608;h;yes;36.48;mi
1;0.64;h;yes;38.4;mi
1;0.66;h;yes;39.6;mi
1;0.668;h;yes;40.08;mi
1;0.675;h;yes;40.5;mi
1;0.7;wk;yes;117.6;h
1;0.708;mi;no;0.708;mi
1;0.709;d;yes;17.016;h
1;0.71;d;yes;17.04;h
1;0.7266;mi;no;0.7266;mi
1;0.735;h;yes;44.1;mi
1;0.748;d;yes;17.952;h
1;0.757;h;yes;45.42;mi
1;0.76;h;yes;45.6;mi
1;0.787;h;yes;47.22;mi
1;0.83;d;yes;19.92;h
1;0.879;d;yes;21.096;h
1;0.89;h;yes;53.4;mi
1;0.897;h;yes;53.82;mi
1;0.96;h;yes;57.6;mi
1;1;hpf;no;1;remove
1;1;it;no;1;remove
1;1;mopm;no;1;remove
1;10;stg;no;10;remove
1;1000;h;yes;41.6666666667;d
1;1004;mi;yes;16.7333333333;h
1;100.63;h;no;100.63;h
1;100.8;mi;no;100.8;mi
1;10.1;h;no;10.1;h
1;1010;mi;yes;16.8333333333;h
1;10.13;h;no;10.13;h
1;101.6;mi;no;101.6;mi
1;101.7;mi;no;101.7;mi
1;10175;mi;yes;7.0659722222;d
1;102;mi;no;102;mi
1;102;wk;yes;714;d
1;102.1;mi;no;102.1;mi
1;10.25;d;no;10.25;d
1;10.26;d;no;10.26;d
1;10.29;h;no;10.29;h
1;103;h;no;103;h
1;103.22;h;no;103.22;h
1;103.3;mi;no;103.3;mi
1;1034;s;no;1034;s
1;10.35;h;no;10.35;h
1;103.5;h;no;103.5;h
1;1037;s;no;1037;s
1;1.037;d;yes;24.888;h
1;10.4;mi;no;10.4;mi
1;104.2;mi;no;104.2;mi
1;1043;mi;yes;17.3833333333;h
1;104.37;h;no;104.37;h
1;1045;h;yes;43.5416666667;d
1;104.6;h;no;104.6;h
1;1047;d;no;1047;d
1;1049;s;no;1049;s
1;1050;h;yes;43.75;d
1;1051;mi;yes;17.5166666667;h
1;105.13;h;no;105.13;h
1;10.55;d;no;10.55;d
1;10.58;d;no;10.58;d
1;10580;mi;yes;7.3472222222;d
1;106;mi;no;106;mi
1;1.06;h;yes;63.6;mi
1;10.6;mi;no;10.6;mi
1;10.67;d;no;10.67;d
1;106.7;mi;no;106.7;mi
1;10.68;d;no;10.68;d
1;1.07;h;yes;64.2;mi
1;1074;h;yes;44.75;d
1;108;hpf;no;108;remove
1;108;mi;no;108;mi
1;10.8;h;no;10.8;h
1;10.8;mi;no;10.8;mi
1;1081.05;mi;yes;18.0175;h
1;10.82;h;no;10.82;h
1;10.83;d;no;10.83;d
1;10.83;h;no;10.83;h
1;108.5;mi;no;108.5;mi
1;10.87;h;no;10.87;h
1;108.7;h;no;108.7;h
1;108.86;mi;no;108.86;mi
1;108.9;d;no;108.9;d
1;10.92;h;no;10.92;h
1;1093.05;mi;yes;18.2175;h
1;109.34;h;no;109.34;h
1;11;dpf;no;11;remove
1;11;hph;no;11;remove
1;110.26;h;no;110.26;h
1;1104;h;yes;46;d
1;11.1;d;no;11.1;d
1;11.1;mi;no;11.1;mi
1;1112;h;yes;46.3333333333;d
1;1117;mi;yes;18.6166666667;h
1;11.17;h;no;11.17;h
1;1.12;h;yes;67.2;mi
1;11.2;d;no;11.2;d
1;112.5;h;no;112.5;h
1;112.5;mi;no;112.5;mi
1;11.26;h;no;11.26;h
1;11.28;d;no;11.28;d
1;11.28;h;no;11.28;h
1;113;mi;no;113;mi
1;11.3;d;no;11.3;d
1;11.3;h;no;11.3;h
1;1130;d;no;1130;d
1;1131;mi;yes;18.85;h
1;113.4;h;no;113.4;h
1;113.6;mi;no;113.6;mi
1;114;mi;no;114;mi
1;11.4;d;no;11.4;d
1;1140;mi;yes;19;h
1;114.2;mi;no;114.2;mi
1;114.49;mi;no;114.49;mi
1;114.5;d;no;114.5;d
1;114.5;mi;no;114.5;mi
1;11.46;d;no;11.46;d
1;1147;h;yes;47.7916666667;d
1;114.8;h;no;114.8;h
1;114.9;h;no;114.9;h
1;11.5;mi;no;11.5;mi
1;1154;mi;yes;19.2333333333;h
1;115.8;mi;no;115.8;mi
1;1.16;h;yes;69.6;mi
1;116.01;mi;no;116.01;mi
1;116.47;h;no;116.47;h
1;1165;d;no;1165;d
1;11.65;mi;no;11.65;mi
1;11.67;h;no;11.67;h
1;116.7;mi;no;116.7;mi
1;117;d;no;117;d
1;117;mi;no;117;mi
1;11.7;mi;no;11.7;mi
1;1171;mi;yes;19.5166666667;h
1;117.6;h;no;117.6;h
1;11761.27;mi;yes;8.1675486111;d
1;11.8;mi;no;11.8;mi
1;118;mi;no;118;mi
1;1185;mi;yes;19.75;h
1;11.86;h;no;11.86;h
1;118.9;h;no;118.9;h
1;11.9;d;no;11.9;d
1;11.9;mi;no;11.9;mi
1;1191;mi;yes;19.85;h
1;11.91;d;no;11.91;d
1;1192.4;mi;yes;19.8733333333;h
1;119.5;h;no;119.5;h
1;119.73;mi;no;119.73;mi
1;12;hph;no;12;remove
1;120;dpp;no;120;remove
1;12.04;h;no;12.04;h
1;1207;mi;yes;20.1166666667;h
1;1209;mi;yes;20.15;h
1;121;mi;no;121;mi
1;12.1;h;no;12.1;h
1;1210;mi;yes;20.1666666667;h
1;12.13;h;no;12.13;h
1;121.3;mi;no;121.3;mi
1;1215.01;mi;yes;20.2501666667;h
1;122;mi;no;122;mi
1;12.23;d;no;12.23;d
1;122.34;mi;no;122.34;mi
1;122.4;h;yes;5.1;d
1;1227;h;yes;51.125;d
1;123;mi;no;123;mi
1;1.23;d;yes;29.52;h
1;1231;mi;yes;20.5166666667;h
1;12.33;d;no;12.33;d
1;124;mi;no;124;mi
1;124.2;mi;no;124.2;mi
1;124.3;h;yes;5.1791666667;d
1;12.45;h;no;12.45;h
1;124.5;mi;no;124.5;mi
1;12.47;d;no;12.47;d
1;124.77;mi;no;124.77;mi
1;1.25;d;yes;30;h
1;12.5;mo;yes;375;d
1;125.1;mi;no;125.1;mi
1;12.58;h;no;12.58;h
1;12.6;d;no;12.6;d
1;1262;mi;yes;21.0333333333;h
1;1267;h;yes;52.7916666667;d
1;12.67;h;no;12.67;h
1;127;mi;no;127;mi
1;12.7;mi;no;12.7;mi
1;127.1;h;yes;5.2958333333;d
1;1272;h;yes;53;d
1;1.277;d;yes;30.648;h
1;12775;mi;yes;8.8715277778;d
1;1278;mi;yes;21.3;h
1;12.8;d;no;12.8;d
1;12.8;h;no;12.8;h
1;128.34;mi;no;128.34;mi
1;129;h;yes;5.375;d
1;1.29;d;yes;30.96;h
1;12.9;d;no;12.9;d
1;129.2;mi;no;129.2;mi
1;12.99;d;no;12.99;d
1;13;dph;no;13;remove
1;1300;mi;yes;21.6666666667;h
1;13.01;h;no;13.01;h
1;13.07;d;no;13.07;d
1;13.08;h;no;13.08;h
1;1309;mi;yes;21.8166666667;h
1;131;mi;no;131;mi
1;131.36;mi;no;131.36;mi
1;13.16;mi;no;13.16;mi
1;131.7;mi;no;131.7;mi
1;1318;h;yes;54.9166666667;d
1;13.2;d;no;13.2;d
1;13.2;mi;no;13.2;mi
1;1.321;d;yes;31.704;h
1;133;mi;no;133;mi
1;13.31;d;no;13.31;d
1;13.33;h;no;13.33;h
1;1.34;d;yes;32.16;h
1;1.34;h;yes;80.4;mi
1;13.4;d;no;13.4;d
1;134.86;mi;no;134.86;mi
1;1.35;d;yes;32.4;h
1;13.5;mo;yes;405;d
1;135.1;h;yes;5.6291666667;d
1;13.53;h;no;13.53;h
1;1354;mi;yes;22.5666666667;h
1;135.6;h;yes;5.65;d
1;1358;h;yes;56.5833333333;d
1;135.8;h;yes;5.6583333333;d
1;136;mi;no;136;mi
1;1360;mi;yes;22.6666666667;h
1;1367;mi;yes;22.7833333333;h
1;13.67;h;no;13.67;h
1;13.73;h;no;13.73;h
1;1374;mi;yes;22.9;h
1;1.38;h;yes;82.8;mi
1;13.8;wk;yes;96.6;d
1;1.382;d;yes;33.168;h
1;13.82;h;no;13.82;h
1;138.363;h;yes;5.765125;d
1;13.9;mo;yes;417;d
1;139.3;h;yes;5.8041666667;d
1;139.3;mi;no;139.3;mi
1;1.394;d;yes;33.456;h
1;139.6;mi;no;139.6;mi
1;14;ge;no;14;remove
1;14;hph;no;14;remove
1;14;yr;no;14;yr
1;1.4;d;yes;33.6;h
1;1400;h;yes;58.3333333333;d
1;1400;mi;yes;23.3333333333;h
1;140.39;h;yes;5.8495833333;d
1;141;hpf;no;141;remove
1;14.1;d;no;14.1;d
1;1.414;d;yes;33.936;h
1;14.14;h;no;14.14;h
1;142;hpf;no;142;remove
1;14.2;h;no;14.2;h
1;1.43;h;yes;85.8;mi
1;14.33;d;no;14.33;d
1;1434;mi;yes;23.9;h
1;14.38;h;no;14.38;h
1;144;d;no;144;d
1;1441;mi;yes;24.0166666667;h
1;14420;mi;yes;10.0138888889;d
1;14427;mi;yes;10.01875;d
1;14430;mi;yes;10.0208333333;d
1;14433;mi;yes;10.0229166667;d
1;14434;mi;yes;10.0236111111;d
1;14436;mi;yes;10.025;d
1;1444;mi;yes;24.0666666667;h
1;14.44;d;no;14.44;d
1;14441;mi;yes;10.0284722222;d
1;14452;mi;yes;10.0361111111;d
1;14471;mi;yes;10.0493055556;d
1;1448;mi;yes;24.1333333333;h
1;1449;mi;yes;24.15;h
1;14494;mi;yes;10.0652777778;d
1;1455;mi;yes;24.25;h
1;14564;mi;yes;10.1138888889;d
1;145.8;mi;no;145.8;mi
1;146;mi;no;146;mi
1;1.46;h;yes;87.6;mi
1;14.6;h;no;14.6;h
1;14.6;mi;no;14.6;mi
1;14606;mi;yes;10.1430555556;d
1;146.08;mi;no;146.08;mi
1;14617;mi;yes;10.1506944444;d
1;1.468;d;yes;35.232;h
1;146.8;mi;no;146.8;mi
1;147;mi;no;147;mi
1;14.7;mi;no;14.7;mi
1;14.75;d;no;14.75;d
1;1478;mi;yes;24.6333333333;h
1;14.8;d;no;14.8;d
1;14.8;mi;no;14.8;mi
1;148.1;h;yes;6.1708333333;d
1;148.3;h;yes;6.1791666667;d
1;149;mi;no;149;mi
1;1499;s;no;1499;s
1;15;wph;no;15;remove
1;1.5;ge;no;1.5;remove
1;1500;mi;yes;25;h
1;150.4;h;yes;6.2666666667;d
1;150.5;h;yes;6.2708333333;d
1;15.1;d;no;15.1;d
1;15.1;mi;no;15.1;mi
1;1512;s;no;1512;s
1;15.2;mi;no;15.2;mi
1;15.26;h;no;15.26;h
1;152.62;mi;no;152.62;mi
1;1.527;d;yes;36.648;h
1;153;dph;no;153;remove
1;153;mi;no;153;mi
1;153.8;h;yes;6.4083333333;d
1;154;mi;no;154;mi
1;1.54;h;yes;92.4;mi
1;15.4;d;no;15.4;d
1;15.4;mo;yes;462;d
1;154;h;yes;6.4166666667;d
1;15.41;d;no;15.41;d
1;1.549;d;yes;37.176;h
1;15.51;d;no;15.51;d
1;1552;mi;yes;25.8666666667;h
1;155.41;h;yes;6.4754166667;d
1;1.56;h;yes;93.6;mi
1;156.4;h;yes;6.5166666667;d
1;1568;h;yes;65.3333333333;d
1;156.92;mi;no;156.92;mi
1;156.93;mi;no;156.93;mi
1;1.57;h;yes;94.2;mi
1;15.7;h;no;15.7;h
1;15.71;d;no;15.71;d
1;15.75;h;no;15.75;h
1;15.77;h;no;15.77;h
1;158;h;yes;6.5833333333;d
1;1580;mi;yes;26.3333333333;h
1;1585;h;yes;66.0416666667;d
1;158.5;mi;no;158.5;mi
1;158.7;h;yes;6.6125;d
1;159;d;no;159;d
1;15.9;h;no;15.9;h
1;1595.5;mi;yes;26.5916666667;h
1;1600;h;yes;66.6666666667;d
1;16040;mi;yes;11.1388888889;d
1;160.7;h;yes;6.6958333333;d
1;16.08;h;no;16.08;h
1;161;mi;no;161;mi
1;1.61;h;yes;96.6;mi
1;16.1;d;no;16.1;d
1;1610;mi;yes;26.8333333333;h
1;1614;mi;yes;26.9;h
1;161.5;d;no;161.5;d
1;161.7;mi;no;161.7;mi
1;162;mi;no;162;mi
1;16.2;d;no;16.2;d
1;16.2;h;no;16.2;h
1;1620;mi;yes;27;h
1;16.31;d;no;16.31;d
1;1632;mi;yes;27.2;h
1;16.33;h;no;16.33;h
1;163.6;mi;no;163.6;mi
1;16.4;d;no;16.4;d
1;16.4;mo;yes;492;d
1;164;mi;no;164;mi
1;16.43;h;no;16.43;h
1;1646;mi;yes;27.4333333333;h
1;1.65;h;yes;99;mi
1;16.53;h;no;16.53;h
1;16.6;h;no;16.6;h
1;16.6;d;no;16.6;d
1;1662;mi;yes;27.7;h
1;167;mi;no;167;mi
1;16.7;h;no;16.7;h
1;16.7;mi;no;16.7;mi
1;16.72;h;no;16.72;h
1;168;mi;no;168;mi
1;1.68;h;yes;100.8;mi
1;16.8;h;no;16.8;h
1;169;d;no;169;d
1;169;s;no;169;s
1;16.99;d;no;16.99;d
1;17;dpf;no;17;remove
1;170.52;mi;no;170.52;mi
1;170.7;mi;no;170.7;mi
1;17.08;d;no;17.08;d
1;170.9;d;no;170.9;d
1;17.11;d;no;17.11;d
1;171.21;h;yes;7.13375;d
1;17.13;d;no;17.13;d
1;17.18;h;no;17.18;h
1;172;h;yes;7.1666666667;d
1;172;mi;no;172;mi
1;172.5;mi;no;172.5;mi
1;172.6;d;no;172.6;d
1;173;h;yes;7.2083333333;d
1;1.73;h;yes;103.8;mi
1;17.3;d;no;17.3;d
1;1730;mi;yes;28.8333333333;h
1;173.62;h;yes;7.2341666667;d
1;17.37;h;no;17.37;h
1;173.7;h;yes;7.2375;d
1;174;h;yes;7.25;d
1;1.74;h;yes;104.4;mi
1;17.4;mi;no;17.4;mi
1;1748;mi;yes;29.1333333333;h
1;1.75;d;yes;42;h
1;17.5;d;no;17.5;d
1;1767;mi;yes;29.45;h
1;177;d;no;177;d
1;177;h;yes;7.375;d
1;17.7;d;no;17.7;d
1;17.7;h;no;17.7;h
1;17.7;mi;no;17.7;mi
1;17.78;h;no;17.78;h
1;17.8;d;no;17.8;d
1;17.8;h;no;17.8;h
1;1783;mi;yes;29.7166666667;h
1;178.3;mi;no;178.3;mi
1;178.49;h;yes;7.4370833333;d
1;179;mi;no;179;mi
1;17.91;h;no;17.91;h
1;1.794;d;yes;43.056;h
1;1795;mi;yes;29.9166666667;h
1;1.8;d;yes;43.2;h
1;1.8;mi;no;1.8;mi
1;1801;mi;yes;30.0166666667;h
1;180.4;h;yes;7.5166666667;d
1;181.12;mi;no;181.12;mi
1;181.24;mi;no;181.24;mi
1;18.14;d;no;18.14;d
1;182;d;no;182;d
1;1.82;d;yes;43.68;h
1;18.2;mi;no;18.2;mi
1;1820;mi;yes;30.3333333333;h
1;182.03;mi;no;182.03;mi
1;1826;mi;yes;30.4333333333;h
1;18.28;d;no;18.28;d
1;18.28;h;no;18.28;h
1;18.35;d;no;18.35;d
1;183.89;mi;no;183.89;mi
1;184;d;no;184;d
1;1.84;h;yes;110.4;mi
1;1842;mi;yes;30.7;h
1;18.49;d;no;18.49;d
1;1.85;d;yes;44.4;h
1;1.85;h;yes;111;mi
1;18.5;mi;no;18.5;mi
1;185.24;mi;no;185.24;mi
1;18.53;d;no;18.53;d
1;18.59;h;no;18.59;h
1;186;mi;no;186;mi
1;18.6;h;no;18.6;h
1;18.7;d;no;18.7;d
1;18.7;h;no;18.7;h
1;1.88;h;yes;112.8;mi
1;1.88;mi;no;1.88;mi
1;18.8;h;no;18.8;h
1;18.8;mi;no;18.8;mi
1;1883;mi;yes;31.3833333333;h
1;1.89;h;yes;113.4;mi
1;19.05;h;no;19.05;h
1;191;h;yes;7.9583333333;d
1;191.25;mi;no;191.25;mi
1;1.913;d;yes;45.912;h
1;19.17;d;no;19.17;d
1;192;d;no;192;d
1;192;hpf;no;192;remove
1;192;mi;no;192;mi
1;1920;mi;yes;32;h
1;193;mi;no;193;mi
1;19.3;d;no;19.3;d
1;1.933;mi;no;1.933;mi
1;19.36;h;no;19.36;h
1;194;d;no;194;d
1;194;mi;no;194;mi
1;1.941;d;yes;46.584;h
1;194.3;h;yes;8.0958333333;d
1;1947;mi;yes;32.45;h
1;19.6;h;no;19.6;h
1;19.6;mi;no;19.6;mi
1;196;mi;no;196;mi
1;19.67;d;no;19.67;d
1;1969;mi;yes;32.8166666667;h
1;197;h;yes;8.2083333333;d
1;1.97;h;yes;118.2;mi
1;197.2;h;yes;8.2166666667;d
1;1.98;h;yes;118.8;mi
1;1995;mi;yes;33.25;h
1;1.996;d;yes;47.904;h
1;2;dpe;no;2;remove
1;2;dph;no;2;remove
1;20;dpf;no;20;remove
1;20;s;no;20;s
1;2.01;h;yes;120.6;mi
1;20.15;d;no;20.15;d
1;20167;mi;yes;14.0048611111;d
1;202;h;yes;8.4166666667;d
1;202;mi;no;202;mi
1;202.08;mi;no;202.08;mi
1;202.85;h;yes;8.4520833333;d
1;203;h;yes;8.4583333333;d
1;203;mi;no;203;mi
1;2.03;h;yes;121.8;mi
1;20.35;d;no;20.35;d
1;204;mi;no;204;mi
1;2.04;h;yes;122.4;mi
1;20463;mi;yes;14.2104166667;d
1;20.48;h;no;20.48;h
1;205;mi;no;205;mi
1;2.05;h;yes;123;mi
1;20.5;mi;no;20.5;mi
1;20.52;h;no;20.52;h
1;2056;mi;yes;34.2666666667;h
1;206;mi;no;206;mi
1;20.6;h;no;20.6;h
1;206.24;h;yes;8.5933333333;d
1;2.069;d;yes;49.656;h
1;207;mi;no;207;mi
1;20.7;d;no;20.7;d
1;2.076;mi;no;2.076;mi
1;20.78;h;no;20.78;h
1;208;mi;no;208;mi
1;2.08;h;yes;124.8;mi
1;208.6;h;yes;8.6916666667;d
1;20.9;d;no;20.9;d
1;21;dpf;no;21;remove
1;2.1;mi;no;2.1;mi
1;210;h;yes;8.75;d
1;2103;mi;yes;35.05;h
1;21.07;d;no;21.07;d
1;21.08;h;no;21.08;h
1;211;h;yes;8.7916666667;d
1;21.1;h;no;21.1;h
1;21.15;h;no;21.15;h
1;211.6;h;yes;8.8166666667;d
1;2117;mi;yes;35.2833333333;h
1;212;d;no;212;d
1;212;mi;no;212;mi
1;21.2;d;no;21.2;d
1;21.25;h;no;21.25;h
1;213;mi;no;213;mi
1;21.33;d;no;21.33;d
1;2.146;d;yes;51.504;h
1;215;d;no;215;d
1;215;h;yes;8.9583333333;d
1;2.15;d;yes;51.6;h
1;2157;s;no;2157;s
1;215.7;h;yes;8.9875;d
1;2.16;h;yes;129.6;mi
1;2160;h;yes;90;d
1;2162;mi;yes;36.0333333333;h
1;21.66;d;no;21.66;d
1;21.67;h;no;21.67;h
1;217;mi;no;217;mi
1;21.75;h;no;21.75;h
1;218;d;no;218;d
1;21.8;d;no;21.8;d
1;21.85;d;no;21.85;d
1;219;mi;no;219;mi
1;219;s;no;219;s
1;2.19;wk;yes;15.33;d
1;21.9;h;no;21.9;h
1;2.196;d;yes;52.704;h
1;21.99;h;no;21.99;h
1;2.2;h;yes;132;mi
1;2.2;mi;no;2.2;mi
1;220.48;mi;no;220.48;mi
1;22.1;d;no;22.1;d
1;2210;mi;yes;36.8333333333;h
1;221.6;h;yes;9.2333333333;d
1;222;d;no;222;d
1;222;mi;no;222;mi
1;2.22;h;yes;133.2;mi
1;22.2;d;no;22.2;d
1;22.2;h;no;22.2;h
1;2.23;d;yes;53.52;h
1;2.23;h;yes;133.8;mi
1;22.3;d;no;22.3;d
1;2.231;d;yes;53.544;h
1;223.8;mi;no;223.8;mi
1;223.9;h;yes;9.3291666667;d
1;224;h;yes;9.3333333333;d
1;224;mi;no;224;mi
1;2244;mi;yes;37.4;h
1;225;d;no;225;d
1;2.25;d;yes;54;h
1;2.25;mo;yes;67.5;d
1;2.254;d;yes;54.096;h
1;22.58;h;no;22.58;h
1;226;h;yes;9.4166666667;d
1;22.6;h;no;22.6;h
1;22.65;h;no;22.65;h
1;22.66;d;no;22.66;d
1;22.66;h;no;22.66;h
1;22.67;d;no;22.67;d
1;227;d;no;227;d
1;227;h;yes;9.4583333333;d
1;2.27;d;yes;54.48;h
1;22.7;h;no;22.7;h
1;22.7;mi;no;22.7;mi
1;227.5;mi;no;227.5;mi
1;2.28;h;yes;136.8;mi
1;22.8;d;no;22.8;d
1;229;mi;no;229;mi
1;22.95;h;no;22.95;h
1;23;dpf;no;23;remove
1;2.3;d;yes;55.2;h
1;230;dph;no;230;remove
1;2302;mi;yes;38.3666666667;h
1;2.31;h;yes;138.6;mi
1;23.1;d;no;23.1;d
1;23.15;h;no;23.15;h
1;2.32;d;yes;55.68;h
1;23.2;d;no;23.2;d
1;23.2;h;no;23.2;h
1;2.324;d;yes;55.776;h
1;23.26;h;no;23.26;h
1;233;mi;no;233;mi
1;23.3;mi;no;23.3;mi
1;234;mi;no;234;mi
1;2340;mi;yes;39;h
1;23.45;d;no;23.45;d
1;23.5;mi;no;23.5;mi
1;236;h;yes;9.8333333333;d
1;23.7;h;no;23.7;h
1;23.75;h;no;23.75;h
1;2377;mi;yes;39.6166666667;h
1;238;d;no;238;d
1;238;h;yes;9.9166666667;d
1;23.8;d;no;23.8;d
1;238.6;h;yes;9.9416666667;d
1;2.39;h;yes;143.4;mi
1;2397;mi;yes;39.95;h
1;23.98;h;no;23.98;h
1;24;dph;no;24;remove
1;2.4;d;yes;57.6;h
1;241;mi;no;241;mi
1;24.2;d;no;24.2;d
1;24.2;h;no;24.2;h
1;243;h;yes;10.125;d
1;2.43;h;yes;145.8;mi
1;2.43;mi;no;2.43;mi
1;24.3;d;no;24.3;d
1;243.84;mi;no;243.84;mi
1;244;d;no;244;d
1;244;h;yes;10.1666666667;d
1;244;mi;no;244;mi
1;244.6;mi;no;244.6;mi
1;244.82;mi;no;244.82;mi
1;24.5;mi;no;24.5;mi
1;2450;mi;yes;40.8333333333;h
1;246;d;no;246;d
1;246;h;yes;10.25;d
1;24.6;d;no;24.6;d
1;2.467;d;yes;59.208;h
1;247;h;yes;10.2916666667;d
1;247;mi;no;247;mi
1;2.47;h;yes;148.2;mi
1;24.7;d;no;24.7;d
1;2.473;d;yes;59.352;h
1;24.8;d;no;24.8;d
1;24.8;h;no;24.8;h
1;24.87;h;no;24.87;h
1;249;mi;no;249;mi
1;24.9;d;no;24.9;d
1;24.9;h;no;24.9;h
1;24.97;h;no;24.97;h
1;2.498;d;yes;59.952;h
1;25;hph;no;25;remove
1;250;dph;no;250;remove
1;2.51;d;yes;60.24;h
1;25.1;d;no;25.1;d
1;25.1;mi;no;25.1;mi
1;251;h;yes;10.4583333333;d
1;251.1;mi;no;251.1;mi
1;2512;h;yes;104.6666666667;d
1;25.13;h;no;25.13;h
1;25.16;h;no;25.16;h
1;252;mi;no;252;mi
1;2.52;h;yes;151.2;mi
1;25.25;h;no;25.25;h
1;253;mi;no;253;mi
1;25.3;d;no;25.3;d
1;25.3;h;no;25.3;h
1;2531;mi;yes;42.1833333333;h
1;25.34;h;no;25.34;h
1;2536;mi;yes;42.2666666667;h
1;254;d;no;254;d
1;2.54;d;yes;60.96;h
1;25.4;h;no;25.4;h
1;255;h;yes;10.625;d
1;25.5;d;no;25.5;d
1;255.3;h;yes;10.6375;d
1;25.55;h;no;25.55;h
1;255.7;h;yes;10.6541666667;d
1;256;mi;no;256;mi
1;2.56;h;yes;153.6;mi
1;256.4;mi;no;256.4;mi
1;257;mi;no;257;mi
1;2571;mi;yes;42.85;h
1;25.75;d;no;25.75;d
1;2.576;d;yes;61.824;h
1;258;h;yes;10.75;d
1;25.8;h;no;25.8;h
1;25.83;d;no;25.83;d
1;2.594;d;yes;62.256;h
1;259.7;h;yes;10.8208333333;d
1;259.94;mi;no;259.94;mi
1;26;dph;no;26;remove
1;260.33;h;yes;10.8470833333;d
1;261;h;yes;10.875;d
1;261;mi;no;261;mi
1;26.1;mi;no;26.1;mi
1;262;d;no;262;d
1;262;mi;no;262;mi
1;26.2;h;no;26.2;h
1;262.412;h;yes;10.9338333333;d
1;263;h;yes;10.9583333333;d
1;263;mi;no;263;mi
1;2.63;d;yes;63.12;h
1;26.3;d;no;26.3;d
1;26.3;h;no;26.3;h
1;26.31;h;no;26.31;h
1;2636;mi;yes;43.9333333333;h
1;26.4;h;no;26.4;h
1;26.47;h;no;26.47;h
1;266;h;yes;11.0833333333;d
1;2.66;h;yes;159.6;mi
1;2.663;d;yes;63.912;h
1;2.669;d;yes;64.056;h
1;26.75;h;no;26.75;h
1;268;h;yes;11.1666666667;d
1;268;mi;no;268;mi
1;2.68;h;yes;160.8;mi
1;269;h;yes;11.2083333333;d
1;26.9;h;no;26.9;h
1;270;h;yes;11.25;d
1;27.05;d;no;27.05;d
1;2707;mi;yes;45.1166666667;h
1;27.15;d;no;27.15;d
1;272;d;no;272;d
1;272;h;yes;11.3333333333;d
1;272;mi;no;272;mi
1;27.2;h;no;27.2;h
1;27211;mi;yes;18.8965277778;d
1;2.73;h;yes;163.8;mi
1;27.3;d;no;27.3;d
1;27.3;h;no;27.3;h
1;273.45;mi;no;273.45;mi
1;2.74;d;yes;65.76;h
1;274.4;h;yes;11.4333333333;d
1;2.75;d;yes;66;h
1;27.5;d;no;27.5;d
1;27.5;h;no;27.5;h
1;276;mi;no;276;mi
1;2.76;h;yes;165.6;mi
1;27.6;h;no;27.6;h
1;27.63;mi;no;27.63;mi
1;27.65;d;no;27.65;d
1;27.67;h;no;27.67;h
1;27.68;h;no;27.68;h
1;27.7;d;no;27.7;d
1;278;d;no;278;d
1;2.78;d;yes;66.72;h
1;27.8;d;no;27.8;d
1;2.79;h;yes;167.4;mi
1;27.94;h;no;27.94;h
1;28;ht;no;28;remove
1;28;mi;no;28;mi
1;280;mi;no;280;mi
1;2.81;d;yes;67.44;h
1;28.1;d;no;28.1;d
1;28.2;d;no;28.2;d
1;283;d;no;283;d
1;2.837;d;yes;68.088;h
1;28.39;h;no;28.39;h
1;284;d;no;284;d
1;284;h;yes;11.8333333333;d
1;284;mi;no;284;mi
1;2.84;d;yes;68.16;h
1;28.4;h;no;28.4;h
1;2846;mi;yes;47.4333333333;h
1;28.48;h;no;28.48;h
1;285;dpf;no;285;remove
1;2.85;h;yes;171;mi
1;28.55;d;no;28.55;d
1;28.57;h;no;28.57;h
1;2.86;h;yes;171.6;mi
1;28.6;d;no;28.6;d
1;28.6;h;no;28.6;h
1;28.63;h;no;28.63;h
1;2.87;d;yes;68.88;h
1;28.7;h;no;28.7;h
1;2.88;h;yes;172.8;mi
1;28.8;d;no;28.8;d
1;28.8;h;no;28.8;h
1;289;mi;no;289;mi
1;28.9;d;no;28.9;d
1;28.9;h;no;28.9;h
1;289.6;h;yes;12.0666666667;d
1;290;h;yes;12.0833333333;d
1;29.05;h;no;29.05;h
1;29.06;h;no;29.06;h
1;290.61;mi;no;290.61;mi
1;29.062;h;no;29.062;h
1;290.9;mi;no;290.9;mi
1;29.1;d;no;29.1;d
1;29.13;mi;no;29.13;mi
1;292;h;yes;12.1666666667;d
1;29.3;d;no;29.3;d
1;294;mi;no;294;mi
1;2946;mi;yes;49.1;h
1;29.46;h;no;29.46;h
1;2.95;d;yes;70.8;h
1;295;mi;no;295;mi
1;296;d;no;296;d
1;296;h;yes;12.3333333333;d
1;296.11;mi;no;296.11;mi
1;2.97;d;yes;71.28;h
1;29.7;h;no;29.7;h
1;29.7;mi;no;29.7;mi
1;297.07;mi;no;297.07;mi
1;298;h;yes;12.4166666667;d
1;298;mi;no;298;mi
1;298;s;no;298;s
1;29.86;d;no;29.86;d
1;29.89;h;no;29.89;h
1;2.995;mi;no;2.995;mi
1;3;dbh;no;3;remove
1;3;gs;no;3;remove
1;3;moph;no;3;remove
1;3;wph;no;3;remove
1;3000;h;yes;125;d
1;3.007;wk;yes;21.049;d
1;30.1;h;no;30.1;h
1;30.12;mi;no;30.12;mi
1;3015;mi;yes;50.25;h
1;301.98;h;yes;12.5825;d
1;302;mi;no;302;mi
1;3.02;h;yes;181.2;mi
1;3.024;d;yes;72.576;h
1;303;h;yes;12.625;d
1;3.03;h;yes;181.8;mi
1;303.15;h;yes;12.63125;d
1;30.33;h;no;30.33;h
1;30.4;d;no;30.4;d
1;30.4;h;no;30.4;h
1;304.86;mi;no;304.86;mi
1;3055;mi;yes;50.9166666667;h
1;30.6;h;no;30.6;h
1;3.061;h;yes;183.66;mi
1;3.068;d;yes;73.632;h
1;307;d;no;307;d
1;3072;mi;yes;51.2;h
1;30.75;d;no;30.75;d
1;3.083;h;yes;184.98;mi
1;3086;mi;yes;51.4333333333;h
1;309;mi;no;309;mi
1;3.1;d;yes;74.4;h
1;310;h;yes;12.9166666667;d
1;3100;dh;no;3100;remove
1;3100;mi;yes;51.6666666667;h
1;31.08;h;no;31.08;h
1;3.11;d;yes;74.64;h
1;31.1;h;no;31.1;h
1;31.18;h;no;31.18;h
1;31.2;d;no;31.2;d
1;31.4;h;no;31.4;h
1;31.4;mi;no;31.4;mi
1;31.5;d;no;31.5;d
1;31.5;h;no;31.5;h
1;316;h;yes;13.1666666667;d
1;31.66;h;no;31.66;h
1;31.66;mi;no;31.66;mi
1;317;mi;no;317;mi
1;3.17;h;yes;190.2;mi
1;31.7;h;no;31.7;h
1;3179;mi;yes;52.9833333333;h
1;318;mi;no;318;mi
1;31.8;h;no;31.8;h
1;319;mi;no;319;mi
1;31.96;d;no;31.96;d
1;320;mi;no;320;mi
1;3200;mi;yes;53.3333333333;h
1;3.21;d;yes;77.04;h
1;32.1;d;no;32.1;d
1;3.23;d;yes;77.52;h
1;32.3;d;no;32.3;d
1;324;d;no;324;d
1;32.4;h;no;32.4;h
1;325;mi;no;325;mi
1;32.6;h;no;32.6;h
1;3.27;h;yes;196.2;mi
1;32.7;d;no;32.7;d
1;32.75;d;no;32.75;d
1;32.77;h;no;32.77;h
1;3.28;h;yes;196.8;mi
1;32.89;h;no;32.89;h
1;32.9;d;no;32.9;d
1;3291;mi;yes;54.85;h
1;32.95;h;no;32.95;h
1;33;hph;no;33;remove
1;33;mo;yes;990;d
1;3.3;h;yes;198;mi
1;3.3;mi;no;3.3;mi
1;331;h;yes;13.7916666667;d
1;33.1;d;no;33.1;d
1;332;h;yes;13.8333333333;d
1;3.32;h;yes;199.2;mi
1;33.2;mi;no;33.2;mi
1;33.23;h;no;33.23;h
1;333;mi;no;333;mi
1;3.33;d;yes;79.92;h
1;33.33;h;no;33.33;h
1;33.36;h;no;33.36;h
1;3339;mi;yes;55.65;h
1;3.34;h;yes;200.4;mi
1;3347.02;mi;yes;55.7836666667;h
1;335;d;no;335;d
1;335;mi;no;335;mi
1;33.5;h;no;33.5;h
1;33.5;mi;no;33.5;mi
1;33.54;h;no;33.54;h
1;336;d;no;336;d
1;336;mi;no;336;mi
1;337;h;yes;14.0416666667;d
1;337;mi;no;337;mi
1;3.37;h;yes;202.2;mi
1;3.377;d;yes;81.048;h
1;338;d;no;338;d
1;33.8;mi;no;33.8;mi
1;3380;mi;yes;56.3333333333;h
1;33.9;d;no;33.9;d
1;34;dph;no;34;remove
1;34;mo;yes;1020;d
1;34.02;h;no;34.02;h
1;3.41;h;yes;204.6;mi
1;34.1;h;no;34.1;h
1;34.1;mi;no;34.1;mi
1;34.12;h;no;34.12;h
1;34.2;d;no;34.2;d
1;3424.19;mi;yes;57.0698333333;h
1;34.3;h;no;34.3;h
1;34.3;mi;no;34.3;mi
1;344;d;no;344;d
1;344;h;yes;14.3333333333;d
1;344;mi;no;344;mi
1;34.4;d;no;34.4;d
1;34.4;h;no;34.4;h
1;345;d;no;345;d
1;3.45;h;yes;207;mi
1;346;h;yes;14.4166666667;d
1;34.7;d;no;34.7;d
1;347.3;mi;no;347.3;mi
1;34.75;d;no;34.75;d
1;3.477;h;yes;208.62;mi
1;348;mi;no;348;mi
1;34.87;h;no;34.87;h
1;349;mi;no;349;mi
1;35;wk;yes;245;d
1;35.1;h;no;35.1;h
1;352;h;yes;14.6666666667;d
1;3.53;d;yes;84.72;h
1;35.3;d;no;35.3;d
1;35.3;mi;no;35.3;mi
1;354;d;no;354;d
1;354;mi;no;354;mi
1;35.48;h;no;35.48;h
1;355;d;no;355;d
1;35.5;d;no;35.5;d
1;3550;mi;yes;59.1666666667;h
1;35.58;mi;no;35.58;mi
1;3569;mi;yes;59.4833333333;h
1;3.57;h;yes;214.2;mi
1;35.7;d;no;35.7;d
1;35.7;mi;no;35.7;mi
1;357;mi;no;357;mi
1;358;mi;no;358;mi
1;3.58;d;yes;85.92;h
1;35.8;h;no;35.8;h
1;35.83;h;no;35.83;h
1;36;hpf;no;36;remove
1;3.6;mi;no;3.6;mi
1;360.8;mi;yes;6.0133333333;h
1;3612;mi;yes;60.2;h
1;36.2;d;no;36.2;d
1;3624.9;mi;yes;60.415;h
1;3.63;h;yes;217.8;mi
1;36.3;h;no;36.3;h
1;3.64;h;yes;218.4;mi
1;365;mi;yes;6.0833333333;h
1;36.5;d;no;36.5;d
1;36.5;h;no;36.5;h
1;3.655;d;yes;87.72;h
1;36.6;h;no;36.6;h
1;366;mi;yes;6.1;h
1;3.67;d;yes;88.08;h
1;36.7;h;no;36.7;h
1;368;d;no;368;d
1;368;mi;yes;6.1333333333;h
1;36.8;h;no;36.8;h
1;369;d;no;369;d
1;37;dph;no;37;remove
1;3.7;h;yes;222;mi
1;3.7;mi;no;3.7;mi
1;371;d;no;371;d
1;37.1;d;no;37.1;d
1;3.721;d;yes;89.304;h
1;373;d;no;373;d
1;3.74;h;yes;224.4;mi
1;374.2;h;yes;15.5916666667;d
1;37.5;h;no;37.5;h
1;3.754;d;yes;90.096;h
1;3.76;h;yes;225.6;mi
1;37.6;d;no;37.6;d
1;377;h;yes;15.7083333333;d
1;3.77;h;yes;226.2;mi
1;3.771;d;yes;90.504;h
1;378;h;yes;15.75;d
1;37.8;h;no;37.8;h
1;379;mi;yes;6.3166666667;h
1;3.79;d;yes;90.96;h
1;37.97;h;no;37.97;h
1;3.798;d;yes;91.152;h
1;379.9;mi;yes;6.3316666667;h
1;38;hpf;no;38;remove
1;380;d;no;380;d
1;380;mi;yes;6.3333333333;h
1;38.02;h;no;38.02;h
1;38.15;d;no;38.15;d
1;38.15;h;no;38.15;h
1;382;h;yes;15.9166666667;d
1;38.2;d;no;38.2;d
1;3821;mi;yes;63.6833333333;h
1;38.33;h;no;38.33;h
1;385;mi;yes;6.4166666667;h
1;38.5;h;no;38.5;h
1;38.58;h;no;38.58;h
1;3.87;d;yes;92.88;h
1;388;h;yes;16.1666666667;d
1;389;mi;yes;6.4833333333;h
1;38.9;h;no;38.9;h
1;38.9;d;no;38.9;d
1;3891;mi;yes;64.85;h
1;390;h;yes;16.25;d
1;39000;mi;yes;27.0833333333;d
1;39.1;h;no;39.1;h
1;39.1;mi;no;39.1;mi
1;39.17;h;no;39.17;h
1;39.3;mi;no;39.3;mi
1;39.33;h;no;39.33;h
1;39.48;h;no;39.48;h
1;39.5;mi;no;39.5;mi
1;39.52;h;no;39.52;h
1;39.54;h;no;39.54;h
1;395.6;mi;yes;6.5933333333;h
1;396;mi;yes;6.6;h
1;39.6;h;no;39.6;h
1;39.62;mi;no;39.62;mi
1;3.97;h;yes;238.2;mi
1;398;mi;yes;6.6333333333;h
1;3.98;h;yes;238.8;mi
1;399;h;yes;16.625;d
1;3.99;d;yes;95.76;h
1;39.9;d;no;39.9;d
1;4;s;no;4;s
1;40;dpf;no;40;remove
1;40.05;h;no;40.05;h
1;40.1;h;no;40.1;h
1;401.4;h;yes;16.725;d
1;4.02;h;yes;241.2;mi
1;4.03;d;yes;96.72;h
1;4.037;d;yes;96.888;h
1;404;d;no;404;d
1;4.04;d;yes;96.96;h
1;4.04;h;yes;242.4;mi
1;40.4;h;no;40.4;h
1;4040;mi;yes;67.3333333333;h
1;40400;mi;yes;28.0555555556;d
1;40.41;d;no;40.41;d
1;4041;mi;yes;67.35;h
1;40.5;d;no;40.5;d
1;40.5;mi;no;40.5;mi
1;406;h;yes;16.9166666667;d
1;4.06;h;yes;243.6;mi
1;40.6;h;no;40.6;h
1;40.7;mi;no;40.7;mi
1;40.75;h;no;40.75;h
1;40.76;h;no;40.76;h
1;4.078;d;yes;97.872;h
1;408;mi;yes;6.8;h
1;40.8;h;no;40.8;h
1;408.12;mi;yes;6.802;h
1;409;h;yes;17.0416666667;d
1;40.9;d;no;40.9;d
1;41.07;mi;no;41.07;mi
1;4.11;d;yes;98.64;h
1;4.115;d;yes;98.76;h
1;4120;mi;yes;68.6666666667;h
1;41.3;h;no;41.3;h
1;41.36;h;no;41.36;h
1;414;mi;yes;6.9;h
1;41.42;mi;no;41.42;mi
1;41.49;h;no;41.49;h
1;415;d;no;415;d
1;415;mi;yes;6.9166666667;h
1;4.16;d;yes;99.84;h
1;417;h;yes;17.375;d
1;417.2;s;no;417.2;s
1;41.8;d;no;41.8;d
1;41.89;d;no;41.89;d
1;42;dph;no;42;remove
1;42;mi;no;42;mi
1;421;mi;yes;7.0166666667;h
1;4.213;d;yes;101.112;h
1;42.2;d;no;42.2;d
1;423;h;yes;17.625;d
1;4.23;h;yes;253.8;mi
1;424;s;no;424;s
1;4.24;d;yes;101.76;h
1;4.24;h;yes;254.4;mi
1;42.4;h;no;42.4;h
1;425;h;yes;17.7083333333;d
1;4250;mi;yes;70.8333333333;h
1;4.267;d;yes;102.408;h
1;42.68;h;no;42.68;h
1;42.75;d;no;42.75;d
1;428;d;no;428;d
1;4.28;h;yes;256.8;mi
1;42.8;mi;no;42.8;mi
1;4.285;d;yes;102.84;h
1;42.95;d;no;42.95;d
1;430;d;no;430;d
1;430;mi;yes;7.1666666667;h
1;4.31;d;yes;103.44;h
1;43.1;d;no;43.1;d
1;4.32;h;yes;259.2;mi
1;43.2;h;no;43.2;h
1;43.4;h;no;43.4;h
1;435;d;no;435;d
1;435;h;yes;18.125;d
1;435.2;mi;yes;7.2533333333;h
1;4353.1;mi;yes;72.5516666667;h
1;436;h;yes;18.1666666667;d
1;43.67;h;no;43.67;h
1;437;mi;yes;7.2833333333;h
1;4.37;d;yes;104.88;h
1;43.7;mi;no;43.7;mi
1;43.8;h;no;43.8;h
1;439;mi;yes;7.3166666667;h
1;43.9;d;no;43.9;d
1;440;mi;yes;7.3333333333;h
1;44.1;h;no;44.1;h
1;4.42;d;yes;106.08;h
1;44.2;h;no;44.2;h
1;4.43;h;yes;265.8;mi
1;4.44;d;yes;106.56;h
1;4.442;h;yes;266.52;mi
1;4.45;d;yes;106.8;h
1;4.45;h;yes;267;mi
1;44.5;h;no;44.5;h
1;446;s;no;446;s
1;4.46;d;yes;107.04;h
1;44.6;h;no;44.6;h
1;44.71;h;no;44.71;h
1;4475;mi;yes;74.5833333333;h
1;448;h;yes;18.6666666667;d
1;44.82;mi;no;44.82;mi
1;448.9;h;yes;18.7041666667;d
1;44.9;mi;no;44.9;mi
1;45;go;no;45;remove
1;450;d;no;450;d
1;450;mi;yes;7.5;h
1;450.34;mi;yes;7.5056666667;h
1;4.515;d;yes;108.36;h
1;452;h;yes;18.8333333333;d
1;4.52;d;yes;108.48;h
1;4.52;h;yes;271.2;mi
1;45.3;h;no;45.3;h
1;45.3;mi;no;45.3;mi
1;454;h;yes;18.9166666667;d
1;4.54;d;yes;108.96;h
1;45.5;d;no;45.5;d
1;45.6;h;no;45.6;h
1;45.68;h;no;45.68;h
1;457;s;no;457;s
1;4.574;d;yes;109.776;h
1;4.58;h;yes;274.8;mi
1;45.8;h;no;45.8;h
1;45.8;mi;no;45.8;mi
1;4.589;d;yes;110.136;h
1;46;hpf;no;46;remove
1;46;mi;no;46;mi
1;461;mi;yes;7.6833333333;h
1;46.1;d;no;46.1;d
1;46.186;h;no;46.186;h
1;462;mi;yes;7.7;h
1;4.62;d;yes;110.88;h
1;4629;mi;yes;77.15;h
1;4.63;d;yes;111.12;h
1;4.63;h;yes;277.8;mi
1;4.638;d;yes;111.312;h
1;4.64;h;yes;278.4;mi
1;46.44;mi;no;46.44;mi
1;46.49;h;no;46.49;h
1;4.657;d;yes;111.768;h
1;4.66;h;yes;279.6;mi
1;468;h;yes;19.5;d
1;468;mi;yes;7.8;h
1;4.68;h;yes;280.8;mi
1;46.9;d;no;46.9;d
1;47;mi;no;47;mi
1;47;s;no;47;s
1;47.04;mi;no;47.04;mi
1;471;h;yes;19.625;d
1;4.714;d;yes;113.136;h
1;4.72;d;yes;113.28;h
1;47.3;d;no;47.3;d
1;4.743;d;yes;113.832;h
1;475;mi;yes;7.9166666667;h
1;47.5;d;no;47.5;d
1;47.5;mi;no;47.5;mi
1;47.6;h;no;47.6;h
1;477;mi;yes;7.95;h
1;47.7;h;no;47.7;h
1;4.79;h;yes;287.4;mi
1;47.9;h;no;47.9;h
1;48;hbf;no;48;remove
1;48;wph;no;48;remove
1;4800;mi;yes;80;h
1;481;mi;yes;8.0166666667;h
1;48.1;h;no;48.1;h
1;48.15;h;no;48.15;h
1;48.2;h;no;48.2;h
1;4825;mi;yes;80.4166666667;h
1;48.25;h;no;48.25;h
1;4.84;h;yes;290.4;mi
1;48.4;mi;no;48.4;mi
1;48.43;h;no;48.43;h
1;485;h;yes;20.2083333333;d
1;48.5;mi;no;48.5;mi
1;48.53;mi;no;48.53;mi
1;48.61;h;no;48.61;h
1;48.66;d;no;48.66;d
1;486.65;mi;yes;8.1108333333;h
1;48.75;h;no;48.75;h
1;48.78;mi;no;48.78;mi
1;488;mi;yes;8.1333333333;h
1;48.8;h;no;48.8;h
1;4.886;d;yes;117.264;h
1;4.888;d;yes;117.312;h
1;48.9;d;no;48.9;d
1;48.96;h;no;48.96;h
1;4.91;d;yes;117.84;h
1;49.2;h;no;49.2;h
1;49.32;h;no;49.32;h
1;4937;mi;yes;82.2833333333;h
1;49.5;mi;no;49.5;mi
1;4958;mi;yes;82.6333333333;h
1;4.96;d;yes;119.04;h
1;4960;mi;yes;82.6666666667;h
1;4.977;h;yes;298.62;mi
1;49.8;d;no;49.8;d
1;49.8;h;no;49.8;h
1;498.7;h;yes;20.7791666667;d
1;4.99;h;yes;299.4;mi
1;5;crs;no;5;remove
1;5;it;no;5;remove
1;50;dph;no;50;remove
1;5000;mi;yes;83.3333333333;h
1;50.05;h;no;50.05;h
1;500.8;h;yes;20.8666666667;d
1;5.01;d;no;5.01;d
1;50.1;mi;no;50.1;mi
1;502;h;yes;20.9166666667;d
1;503;h;yes;20.9583333333;d
1;5.03;d;no;5.03;d
1;50.39;mi;no;50.39;mi
1;5.04;d;no;5.04;d
1;50.5;h;no;50.5;h
1;506;mi;yes;8.4333333333;h
1;506.5;h;yes;21.1041666667;d
1;507;d;no;507;d
1;50.7;h;no;50.7;h
1;50.7;d;no;50.7;d
1;50.75;h;no;50.75;h
1;5.08;d;no;5.08;d
1;5.08;h;no;5.08;h
1;50.8;mi;no;50.8;mi
1;5.087;d;no;5.087;d
1;5.09;d;no;5.09;d
1;51;mi;no;51;mi
1;510;h;yes;21.25;d
1;51.1;h;no;51.1;h
1;5.112;d;no;5.112;d
1;5.116;d;no;5.116;d
1;512;h;yes;21.3333333333;d
1;512;mi;yes;8.5333333333;h
1;5.13;h;no;5.13;h
1;5.13;mi;no;5.13;mi
1;5.137;d;no;5.137;d
1;514;mi;yes;8.5666666667;h
1;5.14;h;no;5.14;h
1;51.41;h;no;51.41;h
1;51.43;mi;no;51.43;mi
1;51.45;h;no;51.45;h
1;5158;mi;yes;85.9666666667;h
1;516.3;h;yes;21.5125;d
1;51.69;h;no;51.69;h
1;5.17;d;no;5.17;d
1;518;d;no;518;d
1;5.18;h;no;5.18;h
1;51.8;h;no;51.8;h
1;51.9;d;no;51.9;d
1;52;mo;yes;1560;d
1;52;wph;no;52;remove
1;5.2;h;no;5.2;h
1;520;h;yes;21.6666666667;d
1;520;mi;yes;8.6666666667;h
1;52.07;mi;no;52.07;mi
1;52.1;h;no;52.1;h
1;521.97;mi;yes;8.6995;h
1;52.36;h;no;52.36;h
1;524;mi;yes;8.7333333333;h
1;52.49;h;no;52.49;h
1;525;h;yes;21.875;d
1;52.52;h;no;52.52;h
1;5.26;d;no;5.26;d
1;52.67;h;no;52.67;h
1;5.27;h;no;5.27;h
1;52.8;d;no;52.8;d
1;52.8;h;no;52.8;h
1;5.29;h;no;5.29;h
1;52.9;mi;no;52.9;mi
1;531.7;h;yes;22.1541666667;d
1;53.19;mi;no;53.19;mi
1;531.9;h;yes;22.1625;d
1;533;mi;yes;8.8833333333;h
1;53.3;h;no;53.3;h
1;535;h;yes;22.2916666667;d
1;5.35;d;no;5.35;d
1;5367;mi;yes;89.45;h
1;537;mi;yes;8.95;h
1;5.383;h;no;5.383;h
1;5.39;h;no;5.39;h
1;54;wk;yes;378;d
1;5.4;h;no;5.4;h
1;541;mi;yes;9.0166666667;h
1;54.12;mi;no;54.12;mi
1;54.2;mi;no;54.2;mi
1;5.426;d;no;5.426;d
1;544;h;yes;22.6666666667;d
1;5.447;d;no;5.447;d
1;5.45;d;no;5.45;d
1;54.5;d;no;54.5;d
1;546;d;no;546;d
1;546;mi;yes;9.1;h
1;54.6;h;no;54.6;h
1;548;mi;yes;9.1333333333;h
1;5.48;h;no;5.48;h
1;549;h;yes;22.875;d
1;54.9;h;no;54.9;h
1;54.91;h;no;54.91;h
1;54.95;h;no;54.95;h
1;549.5;mi;yes;9.1583333333;h
1;5.5;wk;yes;38.5;d
1;550;mi;yes;9.1666666667;h
1;55.1;mi;no;55.1;mi
1;5.52;h;no;5.52;h
1;55.2;h;no;55.2;h
1;5.53;h;no;5.53;h
1;5.535;d;no;5.535;d
1;55.6;h;no;55.6;h
1;556.1;h;yes;23.1708333333;d
1;557;mi;yes;9.2833333333;h
1;5.57;d;no;5.57;d
1;55.73;h;no;55.73;h
1;558;mi;yes;9.3;h
1;55.8;h;no;55.8;h
1;55.87;h;no;55.87;h
1;56;hpf;no;56;remove
1;56;hv;no;56;remove
1;56;mi;no;56;mi
1;56.1;h;no;56.1;h
1;56.14;h;no;56.14;h
1;562;h;yes;23.4166666667;d
1;5.62;d;no;5.62;d
1;56.2;h;no;56.2;h
1;56.2;mi;no;56.2;mi
1;5.629;d;no;5.629;d
1;564;mi;yes;9.4;h
1;5.65;h;no;5.65;h
1;566;h;yes;23.5833333333;d
1;56.6;d;no;56.6;d
1;56.68;mi;no;56.68;mi
1;56.7;d;no;56.7;d
1;56.8;mi;no;56.8;mi
1;5.69;h;no;5.69;h
1;57;hpf;no;57;remove
1;5.7;d;no;5.7;d
1;5.7;mi;no;5.7;mi
1;57.03;h;no;57.03;h
1;5.71;d;no;5.71;d
1;57.1;h;no;57.1;h
1;5.73;d;no;5.73;d
1;57.5;d;no;57.5;d
1;576;mi;yes;9.6;h
1;57.67;h;no;57.67;h
1;5775;mi;yes;96.25;h
1;5779;mi;yes;96.3166666667;h
1;57.8;h;no;57.8;h
1;5780;mi;yes;96.3333333333;h
1;5784;mi;yes;96.4;h
1;5787;mi;yes;96.45;h
1;5795;mi;yes;96.5833333333;h
1;5796;mi;yes;96.6;h
1;5.8;h;no;5.8;h
1;5835;mi;yes;97.25;h
1;5.84;h;no;5.84;h
1;58.4;h;no;58.4;h
1;5840;mi;yes;97.3333333333;h
1;585;h;yes;24.375;d
1;5.85;d;no;5.85;d
1;5.85;h;no;5.85;h
1;58.5;mi;no;58.5;mi
1;58.52;d;no;58.52;d
1;586;mi;yes;9.7666666667;h
1;5.87;d;no;5.87;d
1;5875;mi;yes;97.9166666667;h
1;588;h;yes;24.5;d
1;5.88;d;no;5.88;d
1;5883;mi;yes;98.05;h
1;58.91;d;no;58.91;d
1;5900;mi;yes;98.3333333333;h
1;5.91;h;no;5.91;h
1;59.4;h;no;59.4;h
1;5947;mi;yes;99.1166666667;h
1;5957;mi;yes;99.2833333333;h
1;596;mi;yes;9.9333333333;h
1;59.7;h;no;59.7;h
1;598;h;yes;24.9166666667;d
1;5.992;d;no;5.992;d
1;59.96;d;no;59.96;d
1;5998;mi;yes;99.9666666667;h
1;6;crs;no;6;remove
1;6;hph;no;6;remove
1;6;s;no;6;s
1;6;stg;no;6;remove
1;6001;mi;yes;100.0166666667;h
1;6.02;d;no;6.02;d
1;60.26;h;no;60.26;h
1;60.38;mi;no;60.38;mi
1;604;mi;yes;10.0666666667;h
1;6.05;d;no;6.05;d
1;60.5;h;no;60.5;h
1;6.06;d;no;6.06;d
1;6.06;h;no;6.06;h
1;606.8;mi;yes;10.1133333333;h
1;6.072;d;no;6.072;d
1;608;h;yes;25.3333333333;d
1;608.9;h;yes;25.3708333333;d
1;609;mi;yes;10.15;h
1;60.9;d;no;60.9;d
1;61;wph;no;61;remove
1;6.1;h;no;6.1;h
1;611;h;yes;25.4583333333;d
1;61.1;h;no;61.1;h
1;6.111;d;no;6.111;d
1;6114;mi;yes;101.9;h
1;61.3;h;no;61.3;h
1;61.36;h;no;61.36;h
1;61.4;d;no;61.4;d
1;61.45;h;no;61.45;h
1;61.5;d;no;61.5;d
1;6.17;h;no;6.17;h
1;618;mi;yes;10.3;h
1;6.18;h;no;6.18;h
1;6188;mi;yes;103.1333333333;h
1;619;mi;yes;10.3166666667;h
1;62;hph;no;62;remove
1;62;mi;no;62;mi
1;6.2;mi;no;6.2;mi
1;620;mi;yes;10.3333333333;h
1;6.217;d;no;6.217;d
1;622;h;yes;25.9166666667;d
1;62.2;mi;no;62.2;mi
1;6224;mi;yes;103.7333333333;h
1;6.236;d;no;6.236;d
1;625;h;yes;26.0416666667;d
1;625;mi;yes;10.4166666667;h
1;62.5;mi;no;62.5;mi
1;6.253;d;no;6.253;d
1;627;mi;yes;10.45;h
1;6.29;d;no;6.29;d
1;6.29;h;no;6.29;h
1;63;stg;no;63;remove
1;631;h;yes;26.2916666667;d
1;63.1;h;no;63.1;h
1;633;h;yes;26.375;d
1;63.31;h;no;63.31;h
1;63.412;h;no;63.412;h
1;63.47;h;no;63.47;h
1;6.35;d;no;6.35;d
1;63.62;h;no;63.62;h
1;63.76;d;no;63.76;d
1;6.38;d;no;6.38;d
1;63.8;h;no;63.8;h
1;63.8;mi;no;63.8;mi
1;639;mi;yes;10.65;h
1;6.39;h;no;6.39;h
1;640;h;yes;26.6666666667;d
1;640;s;no;640;s
1;6400;mi;yes;106.6666666667;h
1;6.413;d;no;6.413;d
1;6.42;d;no;6.42;d
1;6.43;d;no;6.43;d
1;64.3;h;no;64.3;h
1;64.32;h;no;64.32;h
1;64.35;mi;no;64.35;mi
1;6.44;d;no;6.44;d
1;64.43;h;no;64.43;h
1;64.48;h;no;64.48;h
1;6.454;d;no;6.454;d
1;645.8;h;yes;26.9083333333;d
1;64.6;d;no;64.6;d
1;6.46;d;no;6.46;d
1;6.47;wk;yes;45.29;d
1;64.7;h;no;64.7;h
1;64.7;mi;no;64.7;mi
1;64.77;mi;no;64.77;mi
1;6479;mi;yes;107.9833333333;h
1;6.485;d;no;6.485;d
1;64.96;h;no;64.96;h
1;65;wk;yes;455;d
1;65.09;h;no;65.09;h
1;65.1;d;no;65.1;d
1;6.52;h;no;6.52;h
1;65.2;d;no;65.2;d
1;653;h;yes;27.2083333333;d
1;6.546;d;no;6.546;d
1;65.5;h;no;65.5;h
1;65.58;h;no;65.58;h
1;656;mi;yes;10.9333333333;h
1;6.566;d;no;6.566;d
1;65.69;mi;no;65.69;mi
1;65.8;h;no;65.8;h
1;6.59;mi;no;6.59;mi
1;66.07;h;no;66.07;h
1;661.1;h;yes;27.5458333333;d
1;66.3;h;no;66.3;h
1;66.4;h;no;66.4;h
1;664;mi;yes;11.0666666667;h
1;6.646;d;no;6.646;d
1;66.5;mi;no;66.5;mi
1;66.57;h;no;66.57;h
1;6.67;d;no;6.67;d
1;6.67;mi;no;6.67;mi
1;669;h;yes;27.875;d
1;669;mi;yes;11.15;h
1;66.95;h;no;66.95;h
1;67;mi;no;67;mi
1;6710;mi;yes;111.8333333333;h
1;672;mi;yes;11.2;h
1;67.38;h;no;67.38;h
1;675;mi;yes;11.25;h
1;6.75;h;no;6.75;h
1;67.5;d;no;67.5;d
1;6.76;h;no;6.76;h
1;6.762;d;no;6.762;d
1;67.65;mi;no;67.65;mi
1;67.66;h;no;67.66;h
1;67.75;d;no;67.75;d
1;678;mi;yes;11.3;h
1;6.78;d;no;6.78;d
1;68;mi;no;68;mi
1;6.8;mi;no;6.8;mi
1;680;h;yes;28.3333333333;d
1;6.83;d;no;6.83;d
1;68.3;h;no;68.3;h
1;68.4;mi;no;68.4;mi
1;6.847;d;no;6.847;d
1;68.6;h;no;68.6;h
1;6.87;h;no;6.87;h
1;6.88;d;no;6.88;d
1;68.8;h;no;68.8;h
1;6.882;d;no;6.882;d
1;690;s;no;690;s
1;691;mi;yes;11.5166666667;h
1;69.2;h;no;69.2;h
1;69.25;h;no;69.25;h
1;693;mi;yes;11.55;h
1;6.93;h;no;6.93;h
1;693.7;mi;yes;11.5616666667;h
1;6.94;d;no;6.94;d
1;695;s;no;695;s
1;69.5;d;no;69.5;d
1;696;h;yes;29;d
1;696;mi;yes;11.6;h
1;69.6;h;no;69.6;h
1;69.78;h;no;69.78;h
1;6.985;d;no;6.985;d
1;7;crs;no;7;remove
1;7;hpf;no;7;remove
1;7;s;no;7;s
1;7000;mi;yes;116.6666666667;h
1;700.2;h;yes;29.175;d
1;701;d;no;701;d
1;7.01;d;no;7.01;d
1;70.18;h;no;70.18;h
1;7.019;d;no;7.019;d
1;70.2;h;no;70.2;h
1;7.03;d;no;7.03;d
1;70.33;h;no;70.33;h
1;704;mi;yes;11.7333333333;h
1;7.04;d;no;7.04;d
1;7.05;d;no;7.05;d
1;70.5;h;no;70.5;h
1;70.67;h;no;70.67;h
1;708;h;yes;29.5;d
1;7.08;d;no;7.08;d
1;70.8;h;no;70.8;h
1;709;mi;yes;11.8166666667;h
1;7.09;h;no;7.09;h
1;71;dph;no;71;remove
1;71;hpf;no;71;remove
1;71.1;h;no;71.1;h
1;7.117;d;no;7.117;d
1;71.2;h;no;71.2;h
1;71.25;d;no;71.25;d
1;71.25;h;no;71.25;h
1;7.13;h;no;7.13;h
1;7.14;d;no;7.14;d
1;71.4;h;no;71.4;h
1;7.15;d;no;7.15;d
1;71.5;d;no;71.5;d
1;7160;mi;yes;119.3333333333;h
1;717;d;no;717;d
1;7.17;d;no;7.17;d
1;71.7;h;no;71.7;h
1;7.18;d;no;7.18;d
1;7.19;h;no;7.19;h
1;72;dpf;no;72;remove
1;72;hph;no;72;remove
1;72;mi;no;72;mi
1;720;mi;yes;12;h
1;720.69;mi;yes;12.0115;h
1;72.1;h;no;72.1;h
1;7.227;d;no;7.227;d
1;7.232;d;no;7.232;d
1;72.34;mi;no;72.34;mi
1;72.39;h;no;72.39;h
1;72.4;d;no;72.4;d
1;725;mi;yes;12.0833333333;h
1;72.5;d;no;72.5;d
1;72.51;d;no;72.51;d
1;72.56;mi;no;72.56;mi
1;72.62;mi;no;72.62;mi
1;7.288;d;no;7.288;d
1;7.29;d;no;7.29;d
1;72.9;h;no;72.9;h
1;73;mi;no;73;mi
1;7.31;h;no;7.31;h
1;7.314;d;no;7.314;d
1;73.15;h;no;73.15;h
1;7.33;mi;no;7.33;mi
1;73.37;h;no;73.37;h
1;734;d;no;734;d
1;734;h;yes;30.5833333333;d
1;735;h;yes;30.625;d
1;73.5;d;no;73.5;d
1;73.5;h;no;73.5;h
1;736;d;no;736;d
1;7.362;d;no;7.362;d
1;737;h;yes;30.7083333333;d
1;7.37;mi;no;7.37;mi
1;738;h;yes;30.75;d
1;73.9;h;no;73.9;h
1;7.4;d;no;7.4;d
1;7.4;mi;no;7.4;mi
1;740;h;yes;30.8333333333;d
1;74.13;h;no;74.13;h
1;745;mi;yes;12.4166666667;h
1;7.45;h;no;7.45;h
1;74.5;mi;no;74.5;mi
1;7.457;d;no;7.457;d
1;748;h;yes;31.1666666667;d
1;74.8;h;no;74.8;h
1;7.52;d;no;7.52;d
1;7.52;h;no;7.52;h
1;75.25;h;no;75.25;h
1;75.5;d;no;75.5;d
1;75.58;h;no;75.58;h
1;757;mi;yes;12.6166666667;h
1;7.57;d;no;7.57;d
1;758;h;yes;31.5833333333;d
1;7.589;d;no;7.589;d
1;75.9;mi;no;75.9;mi
1;7.62;h;no;7.62;h
1;7.627;mi;no;7.627;mi
1;7.63;d;no;7.63;d
1;764.3;h;yes;31.8458333333;d
1;7.65;d;no;7.65;d
1;76.69;h;no;76.69;h
1;7672;h;yes;319.6666666667;d
1;768;h;yes;32;d
1;76.8;h;no;76.8;h
1;76.82;mi;no;76.82;mi
1;76.88;d;no;76.88;d
1;7.69;d;no;7.69;d
1;77;dpf;no;77;remove
1;7.72;d;no;7.72;d
1;776;h;yes;32.3333333333;d
1;7.76;d;no;7.76;d
1;77.6;h;no;77.6;h
1;77.6;mi;no;77.6;mi
1;7.78;d;no;7.78;d
1;78;dpf;no;78;remove
1;7800;mi;yes;5.4166666667;d
1;7.83;h;no;7.83;h
1;78.3;h;no;78.3;h
1;784;h;yes;32.6666666667;d
1;784;mi;yes;13.0666666667;h
1;7.84;d;no;7.84;d
1;78.4;h;no;78.4;h
1;7.85;d;no;7.85;d
1;7.85;h;no;7.85;h
1;7.861;d;no;7.861;d
1;7.87;d;no;7.87;d
1;78.8;d;no;78.8;d
1;791;h;yes;32.9583333333;d
1;7.92;h;no;7.92;h
1;79.2;h;no;79.2;h
1;79.4;d;no;79.4;d
1;79.45;h;no;79.45;h
1;79.57;mi;no;79.57;mi
1;7.96;d;no;7.96;d
1;7.967;d;no;7.967;d
1;79.71;mi;no;79.71;mi
1;7976;mi;yes;5.5388888889;d
1;7.98;d;no;7.98;d
1;8;crs;no;8;remove
1;80;wk;yes;560;d
1;800;h;yes;33.3333333333;d
1;8.01;d;no;8.01;d
1;804;h;yes;33.5;d
1;8.04;d;no;8.04;d
1;80.69;mi;no;80.69;mi
1;80.76;h;no;80.76;h
1;808;h;yes;33.6666666667;d
1;8.08;d;no;8.08;d
1;8.08;h;no;8.08;h
1;81;dpf;no;81;remove
1;81;dph;no;81;remove
1;81;mi;no;81;mi
1;8.1;mi;no;8.1;mi
1;81.1;mi;no;81.1;mi
1;81.28;h;no;81.28;h
1;816;h;yes;34;d
1;8160;mi;yes;5.6666666667;d
1;81.65;mi;no;81.65;mi
1;8.17;d;no;8.17;d
1;81.8;h;no;81.8;h
1;8.199;d;no;8.199;d
1;82;dph;no;82;remove
1;820;d;no;820;d
1;824;mi;yes;13.7333333333;h
1;82.4;mi;no;82.4;mi
1;825;h;yes;34.375;d
1;82.5;h;no;82.5;h
1;825.6;h;yes;34.4;d
1;826;mi;yes;13.7666666667;h
1;8.261;d;no;8.261;d
1;82.65;h;no;82.65;h
1;8.27;d;no;8.27;d
1;83.1;h;no;83.1;h
1;8.33;d;no;8.33;d
1;8.35;d;no;8.35;d
1;8.38;d;no;8.38;d
1;84;mi;no;84;mi
1;8.4;mi;no;8.4;mi
1;840;mi;yes;14;h
1;8.42;d;no;8.42;d
1;843;h;yes;35.125;d
1;84.32;h;no;84.32;h
1;844;h;yes;35.1666666667;d
1;8.45;d;no;8.45;d
1;84.5;mi;no;84.5;mi
1;846.6;mi;yes;14.11;h
1;85;hph;no;85;remove
1;8.5;mi;no;8.5;mi
1;850;h;yes;35.4166666667;d
1;85.1;h;no;85.1;h
1;85.1;mi;no;85.1;mi
1;85.36;mi;no;85.36;mi
1;85.37;h;no;85.37;h
1;855;h;yes;35.625;d
1;855;mi;yes;14.25;h
1;85.8;mi;no;85.8;mi
1;85.84;mi;no;85.84;mi
1;8.6;mi;no;8.6;mi
1;860;mi;yes;14.3333333333;h
1;8.63;d;no;8.63;d
1;8.63;h;no;8.63;h
1;86.3;h;no;86.3;h
1;8630;mi;yes;5.9930555556;d
1;8.64;d;no;8.64;d
1;865;mi;yes;14.4166666667;h
1;86.5;h;no;86.5;h
1;86.81;h;no;86.81;h
1;8688;mi;yes;6.0333333333;d
1;87.062;h;no;87.062;h
1;8.71;d;no;8.71;d
1;87.1;mi;no;87.1;mi
1;87.12;h;no;87.12;h
1;87.45;mi;no;87.45;mi
1;874.8;h;yes;36.45;d
1;87.6;mi;no;87.6;mi
1;876;mi;yes;14.6;h
1;87.62;mi;no;87.62;mi
1;87.8;mi;no;87.8;mi
1;87.97;h;no;87.97;h
1;88;mi;no;88;mi
1;8.8;d;no;8.8;d
1;8800;mi;yes;6.1111111111;d
1;881;s;no;881;s
1;88.3;h;no;88.3;h
1;88.5;h;no;88.5;h
1;8.86;d;no;8.86;d
1;88.8;d;no;88.8;d
1;88.9;h;no;88.9;h
1;89.1;h;no;89.1;h
1;8.92;d;no;8.92;d
1;89.2;mi;no;89.2;mi
1;895;mi;yes;14.9166666667;h
1;8.96;d;no;8.96;d
1;8.96;h;no;8.96;h
1;899;h;yes;37.4583333333;d
1;89.9;h;no;89.9;h
1;90;dpf;no;90;remove
1;90.19;h;no;90.19;h
1;9.02;d;no;9.02;d
1;90.23;h;no;90.23;h
1;903;h;yes;37.625;d
1;9.041;d;no;9.041;d
1;90.5;d;no;90.5;d
1;906.5;mi;yes;15.1083333333;h
1;9.07;h;no;9.07;h
1;90.75;h;no;90.75;h
1;9.076;d;no;9.076;d
1;90.8;h;no;90.8;h
1;9.09;h;no;9.09;h
1;91;mi;no;91;mi
1;9.1;h;no;9.1;h
1;91.09;d;no;91.09;d
1;914;s;no;914;s
1;91.51;mi;no;91.51;mi
1;91.7;mi;no;91.7;mi
1;91.99;mi;no;91.99;mi
1;92;mi;no;92;mi
1;9.2;d;no;9.2;d
1;9.2;mi;no;9.2;mi
1;9.21;d;no;9.21;d
1;92.2;h;no;92.2;h
1;92.3;mi;no;92.3;mi
1;9.24;h;no;9.24;h
1;92.5;mi;no;92.5;mi
1;92.63;h;no;92.63;h
1;92.66;mi;no;92.66;mi
1;927;h;yes;38.625;d
1;9.28;h;no;9.28;h
1;93;dph;no;93;remove
1;93.35;mi;no;93.35;mi
1;9.34;d;no;9.34;d
1;9.35;h;no;9.35;h
1;936;h;yes;39;d
1;936;s;no;936;s
1;94;mi;no;94;mi
1;9.43;d;no;9.43;d
1;944;h;yes;39.3333333333;d
1;945;d;no;945;d
1;945;h;yes;39.375;d
1;9.45;h;no;9.45;h
1;946.4;h;yes;39.4333333333;d
1;947;mi;yes;15.7833333333;h
1;94.8;mi;no;94.8;mi
1;95.3;h;no;95.3;h
1;9.54;mi;no;9.54;mi
1;9.55;d;no;9.55;d
1;9.56;d;no;9.56;d
1;95.64;mi;no;95.64;mi
1;9.57;d;no;9.57;d
1;96;dph;no;96;remove
1;96;hv;no;96;remove
1;96;ma;no;96;remove
1;9.6;h;no;9.6;h
1;9.6;mi;no;9.6;mi
1;9.6;wk;yes;67.2;d
1;96.1;h;no;96.1;h
1;96.25;h;no;96.25;h
1;963;mi;yes;16.05;h
1;96.3;h;no;96.3;h
1;964;h;yes;40.1666666667;d
1;9.65;d;no;9.65;d
1;96.5;mi;no;96.5;mi
1;9664;mi;yes;6.7111111111;d
1;9.67;h;no;9.67;h
1;968;mi;yes;16.1333333333;h
1;96.8;h;no;96.8;h
1;9.69;h;no;9.69;h
1;96.9;h;no;96.9;h
1;97;mi;no;97;mi
1;97.17;h;no;97.17;h
1;97.25;h;no;97.25;h
1;97.37;h;no;97.37;h
1;9.75;h;no;9.75;h
1;97.86;mi;no;97.86;mi
1;97.9;h;no;97.9;h
1;9.8;mi;no;9.8;mi
1;98.09;h;no;98.09;h
1;9.82;h;no;9.82;h
1;9.83;d;no;9.83;d
1;9.84;h;no;9.84;h
1;9.85;h;no;9.85;h
1;98.5;mi;no;98.5;mi
1;98.67;mi;no;98.67;mi
1;98.96;mi;no;98.96;mi
1;99;mi;no;99;mi
1;9.9;d;no;9.9;d
1;9.9;h;no;9.9;h
1;991;mi;yes;16.5166666667;h
1;99.2;h;no;99.2;h
1;99.37;mi;no;99.37;mi
1;997;mi;yes;16.6166666667;h
1;9980;mi;yes;6.9305555556;d
1;NR;hbf;no;NR;remove
1;NR;wph;no;NR;remove
1;;dph;no;;remove
1;;lf;no;;remove
1;;su;no;;remove
